file,sex,age,hairColor,eyeColor,skinTone,faceShape,noseStructure,lipStructure,cheekboneStructure
13.jpg,female,40-49,black,brown,medium,oval,straight,medium,soft
14.jpg,male,20-29,black,brown,medium,oval,straight,medium,soft
31.jpg,female,3-9,black,brown,medium,oval,straight,medium,soft
32.jpg,female,40-49,black,brown,medium,oval,straight,medium,soft
40.jpg,female,50-59,black,brown,medium,oval,straight,medium,soft
42.jpg,female,20-29,black,brown,medium,oval,straight,medium,soft
70.jpg,male,20-29,black,brown,medium,oval,straight,medium,soft
74.jpg,female,30-39,black,brown,medium,oval,straight,medium,soft
76.jpg,male,20-29,black,brown,medium,oval,straight,medium,soft
91.jpg,female,10-19,black,brown,medium,oval,straight,medium,soft
93.jpg,female,20-29,black,brown,medium,oval,straight,medium,soft
97.jpg,female,50-59,black,brown,medium,oval,straight,medium,soft
104.jpg,male,10-19,black,brown,medium,oval,straight,medium,soft
109.jpg,male,3-9,black,brown,medium,oval,straight,medium,soft
110.jpg,male,30-39,black,brown,medium,oval,straight,medium,soft
111.jpg,male,20-29,black,brown,medium,oval,straight,medium,soft
112.jpg,female,30-39,black,brown,medium,oval,straight,medium,soft
117.jpg,male,3-9,black,brown,medium,oval,straight,medium,soft
118.jpg,female,30-39,black,brown,medium,oval,straight,medium,soft
124.jpg,male,3-9,black,brown,medium,oval,straight,medium,soft
136.jpg,female,40-49,black,brown,medium,oval,straight,medium,soft
182.jpg,male,3-9,black,brown,medium,oval,straight,medium,soft
185.jpg,male,10-19,black,brown,medium,oval,straight,medium,soft
187.jpg,male,3-9,black,brown,medium,oval,straight,medium,soft
189.jpg,male,3-9,black,brown,medium,oval,straight,medium,soft
195.jpg,male,20-29,black,brown,medium,oval,straight,medium,soft
204.jpg,male,20-29,black,brown,medium,oval,straight,medium,soft
211.jpg,male,50-59,black,brown,medium,oval,straight,medium,soft
220.jpg,male,30-39,black,brown,medium,oval,straight,medium,soft
240.jpg,male,3-9,black,brown,medium,oval,straight,medium,soft
245.jpg,male,40-49,black,brown,medium,oval,straight,medium,soft
247.jpg,male,20-29,black,brown,medium,oval,straight,medium,soft
258.jpg,female,0-2,black,brown,medium,oval,straight,medium,soft
259.jpg,female,30-39,black,brown,medium,oval,straight,medium,soft
265.jpg,female,20-29,black,brown,medium,oval,straight,medium,soft
270.jpg,female,30-39,black,brown,medium,oval,straight,medium,soft
274.jpg,male,10-19,black,brown,medium,oval,straight,medium,soft
278.jpg,female,3-9,black,brown,medium,oval,straight,medium,soft
295.jpg,male,20-29,black,brown,medium,oval,straight,medium,soft
300.jpg,male,50-59,black,brown,medium,oval,straight,medium,soft
301.jpg,male,40-49,black,brown,medium,oval,straight,medium,soft
318.jpg,female,10-19,black,brown,medium,oval,straight,medium,soft
321.jpg,male,20-29,black,brown,medium,oval,straight,medium,soft
327.jpg,male,20-29,black,brown,medium,oval,straight,medium,soft
328.jpg,female,20-29,black,brown,medium,oval,straight,medium,soft
335.jpg,male,20-29,black,brown,medium,oval,straight,medium,soft
349.jpg,male,50-59,black,brown,medium,oval,straight,medium,soft
352.jpg,female,3-9,black,brown,medium,oval,straight,medium,soft
362.jpg,male,50-59,black,brown,medium,oval,straight,medium,soft
370.jpg,male,30-39,black,brown,medium,oval,straight,medium,soft
375.jpg,female,3-9,black,brown,medium,oval,straight,medium,soft
396.jpg,female,3-9,black,brown,medium,oval,straight,medium,soft
406.jpg,male,10-19,black,brown,medium,oval,straight,medium,soft
410.jpg,male,30-39,black,brown,medium,oval,straight,medium,soft
411.jpg,female,30-39,black,brown,medium,oval,straight,medium,soft
413.jpg,female,10-19,black,brown,medium,oval,straight,medium,soft
424.jpg,female,3-9,black,brown,medium,oval,straight,medium,soft
435.jpg,female,40-49,black,brown,medium,oval,straight,medium,soft
437.jpg,female,20-29,black,brown,medium,oval,straight,medium,soft
442.jpg,male,50-59,black,brown,medium,oval,straight,medium,soft
444.jpg,female,20-29,black,brown,medium,oval,straight,medium,soft
450.jpg,male,40-49,black,brown,medium,oval,straight,medium,soft
451.jpg,female,40-49,black,brown,medium,oval,straight,medium,soft
453.jpg,female,10-19,black,brown,medium,oval,straight,medium,soft
464.jpg,male,40-49,black,brown,medium,oval,straight,medium,soft
473.jpg,male,30-39,black,brown,medium,oval,straight,medium,soft
485.jpg,male,0-2,black,brown,medium,oval,straight,medium,soft
488.jpg,male,40-49,black,brown,medium,oval,straight,medium,soft
515.jpg,male,20-29,black,brown,medium,oval,straight,medium,soft
549.jpg,female,3-9,black,brown,medium,oval,straight,medium,soft
556.jpg,male,50-59,black,brown,medium,oval,straight,medium,soft
565.jpg,female,30-39,black,brown,medium,oval,straight,medium,soft
569.jpg,male,10-19,black,brown,medium,oval,straight,medium,soft
577.jpg,male,30-39,black,brown,medium,oval,straight,medium,soft
580.jpg,male,50-59,black,brown,medium,oval,straight,medium,soft
583.jpg,male,10-19,black,brown,medium,oval,straight,medium,soft
601.jpg,female,60-69,black,brown,medium,oval,straight,medium,soft
609.jpg,female,40-49,black,brown,medium,oval,straight,medium,soft
649.jpg,female,20-29,black,brown,medium,oval,straight,medium,soft
665.jpg,female,30-39,black,brown,medium,oval,straight,medium,soft
681.jpg,male,10-19,black,brown,medium,oval,straight,medium,soft
684.jpg,female,40-49,black,brown,medium,oval,straight,medium,soft
695.jpg,female,50-59,black,brown,medium,oval,straight,medium,soft
703.jpg,male,40-49,black,brown,medium,oval,straight,medium,soft
704.jpg,female,50-59,black,brown,medium,oval,straight,medium,soft
715.jpg,female,30-39,black,brown,medium,oval,straight,medium,soft
731.jpg,female,20-29,black,brown,medium,oval,straight,medium,soft
766.jpg,male,20-29,black,brown,medium,oval,straight,medium,soft
769.jpg,female,3-9,black,brown,medium,oval,straight,medium,soft
770.jpg,female,30-39,black,brown,medium,oval,straight,medium,soft
777.jpg,male,30-39,black,brown,medium,oval,straight,medium,soft
814.jpg,male,30-39,black,brown,medium,oval,straight,medium,soft
815.jpg,male,40-49,black,brown,medium,oval,straight,medium,soft
816.jpg,male,20-29,black,brown,medium,oval,straight,medium,soft
825.jpg,female,10-19,black,brown,medium,oval,straight,medium,soft
827.jpg,female,3-9,black,brown,medium,oval,straight,medium,soft
839.jpg,female,50-59,black,brown,medium,oval,straight,medium,soft
846.jpg,male,20-29,black,brown,medium,oval,straight,medium,soft
850.jpg,male,20-29,black,brown,medium,oval,straight,medium,soft
852.jpg,male,20-29,black,brown,medium,oval,straight,medium,soft
854.jpg,male,20-29,black,brown,medium,oval,straight,medium,soft
859.jpg,female,60-69,black,brown,medium,oval,straight,medium,soft
872.jpg,female,30-39,black,brown,medium,oval,straight,medium,soft
883.jpg,male,3-9,black,brown,medium,oval,straight,medium,soft
898.jpg,female,40-49,black,brown,medium,oval,straight,medium,soft
899.jpg,male,50-59,black,brown,medium,oval,straight,medium,soft
900.jpg,female,20-29,black,brown,medium,oval,straight,medium,soft
904.jpg,female,50-59,black,brown,medium,oval,straight,medium,soft
905.jpg,male,20-29,black,brown,medium,oval,straight,medium,soft
908.jpg,female,10-19,black,brown,medium,oval,straight,medium,soft
909.jpg,female,20-29,black,brown,medium,oval,straight,medium,soft
918.jpg,female,40-49,black,brown,medium,oval,straight,medium,soft
940.jpg,female,10-19,black,brown,medium,oval,straight,medium,soft
963.jpg,male,20-29,black,brown,medium,oval,straight,medium,soft
978.jpg,female,20-29,black,brown,medium,oval,straight,medium,soft
979.jpg,male,60-69,black,brown,medium,oval,straight,medium,soft
980.jpg,male,60-69,black,brown,medium,oval,straight,medium,soft
997.jpg,female,10-19,black,brown,medium,oval,straight,medium,soft
1003.jpg,female,20-29,black,brown,medium,oval,straight,medium,soft
1007.jpg,male,10-19,black,brown,medium,oval,straight,medium,soft
1015.jpg,male,40-49,black,brown,medium,oval,straight,medium,soft
1023.jpg,male,20-29,black,brown,medium,oval,straight,medium,soft
1027.jpg,female,20-29,black,brown,medium,oval,straight,medium,soft
1033.jpg,female,20-29,black,brown,medium,oval,straight,medium,soft
1042.jpg,male,3-9,black,brown,medium,oval,straight,medium,soft
1048.jpg,female,20-29,black,brown,medium,oval,straight,medium,soft
1054.jpg,male,20-29,black,brown,medium,oval,straight,medium,soft
1067.jpg,male,30-39,black,brown,medium,oval,straight,medium,soft
1074.jpg,male,30-39,black,brown,medium,oval,straight,medium,soft
1075.jpg,male,20-29,black,brown,medium,oval,straight,medium,soft
1077.jpg,female,20-29,black,brown,medium,oval,straight,medium,soft
1082.jpg,male,50-59,black,brown,medium,oval,straight,medium,soft
1086.jpg,male,20-29,black,brown,medium,oval,straight,medium,soft
1087.jpg,male,40-49,black,brown,medium,oval,straight,medium,soft
1092.jpg,female,20-29,black,brown,medium,oval,straight,medium,soft
1094.jpg,male,50-59,black,brown,medium,oval,straight,medium,soft
1095.jpg,female,10-19,black,brown,medium,oval,straight,medium,soft
1101.jpg,female,20-29,black,brown,medium,oval,straight,medium,soft
1109.jpg,female,30-39,black,brown,medium,oval,straight,medium,soft
1124.jpg,female,30-39,black,brown,medium,oval,straight,medium,soft
1131.jpg,male,20-29,black,brown,medium,oval,straight,medium,soft
1133.jpg,female,40-49,black,brown,medium,oval,straight,medium,soft
1146.jpg,female,30-39,black,brown,medium,oval,straight,medium,soft
1158.jpg,male,20-29,black,brown,medium,oval,straight,medium,soft
1176.jpg,female,60-69,black,brown,medium,oval,straight,medium,soft
1181.jpg,male,30-39,black,brown,medium,oval,straight,medium,soft
1184.jpg,female,30-39,black,brown,medium,oval,straight,medium,soft
1187.jpg,female,50-59,black,brown,medium,oval,straight,medium,soft
1195.jpg,male,40-49,black,brown,medium,oval,straight,medium,soft
1213.jpg,male,20-29,black,brown,medium,oval,straight,medium,soft
1225.jpg,male,40-49,black,brown,medium,oval,straight,medium,soft
1234.jpg,male,20-29,black,brown,medium,oval,straight,medium,soft
1240.jpg,female,20-29,black,brown,medium,oval,straight,medium,soft
1244.jpg,male,30-39,black,brown,medium,oval,straight,medium,soft
1251.jpg,male,3-9,black,brown,medium,oval,straight,medium,soft
1258.jpg,male,30-39,black,brown,medium,oval,straight,medium,soft
1270.jpg,female,20-29,black,brown,medium,oval,straight,medium,soft
1277.jpg,male,40-49,black,brown,medium,oval,straight,medium,soft
1292.jpg,male,30-39,black,brown,medium,oval,straight,medium,soft
1299.jpg,male,20-29,black,brown,medium,oval,straight,medium,soft
1305.jpg,male,40-49,black,brown,medium,oval,straight,medium,soft
1314.jpg,male,10-19,black,brown,medium,oval,straight,medium,soft
1340.jpg,female,3-9,black,brown,medium,oval,straight,medium,soft
1352.jpg,male,20-29,black,brown,medium,oval,straight,medium,soft
1359.jpg,male,20-29,black,brown,medium,oval,straight,medium,soft
1360.jpg,female,20-29,black,brown,medium,oval,straight,medium,soft
1371.jpg,female,30-39,black,brown,medium,oval,straight,medium,soft
1379.jpg,female,20-29,black,brown,medium,oval,straight,medium,soft
1381.jpg,male,3-9,black,brown,medium,oval,straight,medium,soft
1384.jpg,male,40-49,black,brown,medium,oval,straight,medium,soft
1385.jpg,male,40-49,black,brown,medium,oval,straight,medium,soft
1392.jpg,male,30-39,black,brown,medium,oval,straight,medium,soft
1396.jpg,female,10-19,black,brown,medium,oval,straight,medium,soft
1405.jpg,female,30-39,black,brown,medium,oval,straight,medium,soft
1408.jpg,female,3-9,black,brown,medium,oval,straight,medium,soft
1409.jpg,male,50-59,black,brown,medium,oval,straight,medium,soft
1410.jpg,male,3-9,black,brown,medium,oval,straight,medium,soft
1416.jpg,male,40-49,black,brown,medium,oval,straight,medium,soft
1418.jpg,female,20-29,black,brown,medium,oval,straight,medium,soft
1419.jpg,female,30-39,black,brown,medium,oval,straight,medium,soft
1429.jpg,female,30-39,black,brown,medium,oval,straight,medium,soft
1437.jpg,male,3-9,black,brown,medium,oval,straight,medium,soft
1442.jpg,female,20-29,black,brown,medium,oval,straight,medium,soft
1449.jpg,male,20-29,black,brown,medium,oval,straight,medium,soft
1459.jpg,female,30-39,black,brown,medium,oval,straight,medium,soft
1496.jpg,male,50-59,black,brown,medium,oval,straight,medium,soft
1500.jpg,female,50-59,black,brown,medium,oval,straight,medium,soft
1529.jpg,female,40-49,black,brown,medium,oval,straight,medium,soft
1555.jpg,female,3-9,black,brown,medium,oval,straight,medium,soft
1557.jpg,female,20-29,black,brown,medium,oval,straight,medium,soft
1571.jpg,female,30-39,black,brown,medium,oval,straight,medium,soft
1583.jpg,male,40-49,black,brown,medium,oval,straight,medium,soft
1591.jpg,female,more than 70,black,brown,medium,oval,straight,medium,soft
1594.jpg,female,20-29,black,brown,medium,oval,straight,medium,soft
1609.jpg,female,30-39,black,brown,medium,oval,straight,medium,soft
1612.jpg,female,60-69,black,brown,medium,oval,straight,medium,soft
1616.jpg,male,30-39,black,brown,medium,oval,straight,medium,soft
1623.jpg,female,10-19,black,brown,medium,oval,straight,medium,soft
1631.jpg,female,20-29,black,brown,medium,oval,straight,medium,soft
1633.jpg,female,30-39,black,brown,medium,oval,straight,medium,soft
1635.jpg,female,20-29,black,brown,medium,oval,straight,medium,soft
1637.jpg,male,3-9,black,brown,medium,oval,straight,medium,soft
1664.jpg,male,30-39,black,brown,medium,oval,straight,medium,soft
1670.jpg,male,3-9,black,brown,medium,oval,straight,medium,soft
1672.jpg,female,30-39,black,brown,medium,oval,straight,medium,soft
1678.jpg,male,10-19,black,brown,medium,oval,straight,medium,soft
1694.jpg,male,50-59,black,brown,medium,oval,straight,medium,soft
1702.jpg,male,30-39,black,brown,medium,oval,straight,medium,soft
1705.jpg,male,30-39,black,brown,medium,oval,straight,medium,soft
1709.jpg,male,20-29,black,brown,medium,oval,straight,medium,soft
1712.jpg,female,20-29,black,brown,medium,oval,straight,medium,soft
1713.jpg,female,30-39,black,brown,medium,oval,straight,medium,soft
1735.jpg,female,20-29,black,brown,medium,oval,straight,medium,soft
1743.jpg,male,3-9,black,brown,medium,oval,straight,medium,soft
1751.jpg,male,20-29,black,brown,medium,oval,straight,medium,soft
1757.jpg,female,40-49,black,brown,medium,oval,straight,medium,soft
1775.jpg,male,20-29,black,brown,medium,oval,straight,medium,soft
1782.jpg,male,3-9,black,brown,medium,oval,straight,medium,soft
1783.jpg,female,30-39,black,brown,medium,oval,straight,medium,soft
1794.jpg,female,3-9,black,brown,medium,oval,straight,medium,soft
1799.jpg,male,20-29,black,brown,medium,oval,straight,medium,soft
1802.jpg,male,20-29,black,brown,medium,oval,straight,medium,soft
1804.jpg,female,20-29,black,brown,medium,oval,straight,medium,soft
1841.jpg,male,30-39,black,brown,medium,oval,straight,medium,soft
1843.jpg,female,30-39,black,brown,medium,oval,straight,medium,soft
1844.jpg,male,20-29,black,brown,medium,oval,straight,medium,soft
1851.jpg,male,20-29,black,brown,medium,oval,straight,medium,soft
1855.jpg,male,40-49,black,brown,medium,oval,straight,medium,soft
1863.jpg,female,20-29,black,brown,medium,oval,straight,medium,soft
1870.jpg,male,20-29,black,brown,medium,oval,straight,medium,soft
1888.jpg,male,20-29,black,brown,medium,oval,straight,medium,soft
1895.jpg,female,30-39,black,brown,medium,oval,straight,medium,soft
1909.jpg,female,3-9,black,brown,medium,oval,straight,medium,soft
1911.jpg,female,30-39,black,brown,medium,oval,straight,medium,soft
1929.jpg,female,40-49,black,brown,medium,oval,straight,medium,soft
1932.jpg,male,30-39,black,brown,medium,oval,straight,medium,soft
1959.jpg,male,30-39,black,brown,medium,oval,straight,medium,soft
1964.jpg,female,40-49,black,brown,medium,oval,straight,medium,soft
1966.jpg,female,40-49,black,brown,medium,oval,straight,medium,soft
1971.jpg,male,20-29,black,brown,medium,oval,straight,medium,soft
1982.jpg,female,20-29,black,brown,medium,oval,straight,medium,soft
1992.jpg,female,60-69,black,brown,medium,oval,straight,medium,soft
2001.jpg,male,10-19,black,brown,medium,oval,straight,medium,soft
2008.jpg,female,20-29,black,brown,medium,oval,straight,medium,soft
2011.jpg,female,3-9,black,brown,medium,oval,straight,medium,soft
2025.jpg,male,30-39,black,brown,medium,oval,straight,medium,soft
2026.jpg,male,50-59,black,brown,medium,oval,straight,medium,soft
2030.jpg,male,3-9,black,brown,medium,oval,straight,medium,soft
2049.jpg,male,30-39,black,brown,medium,oval,straight,medium,soft
2050.jpg,male,50-59,black,brown,medium,oval,straight,medium,soft
2064.jpg,male,30-39,black,brown,medium,oval,straight,medium,soft
2067.jpg,female,20-29,black,brown,medium,oval,straight,medium,soft
2077.jpg,male,20-29,black,brown,medium,oval,straight,medium,soft
2078.jpg,female,50-59,black,brown,medium,oval,straight,medium,soft
2080.jpg,male,20-29,black,brown,medium,oval,straight,medium,soft
2082.jpg,male,50-59,black,brown,medium,oval,straight,medium,soft
2090.jpg,female,30-39,black,brown,medium,oval,straight,medium,soft
2099.jpg,male,20-29,black,brown,medium,oval,straight,medium,soft
2103.jpg,female,40-49,black,brown,medium,oval,straight,medium,soft
2106.jpg,female,3-9,black,brown,medium,oval,straight,medium,soft
2126.jpg,female,60-69,black,brown,medium,oval,straight,medium,soft
2128.jpg,female,20-29,black,brown,medium,oval,straight,medium,soft
2136.jpg,male,40-49,black,brown,medium,oval,straight,medium,soft
2143.jpg,female,20-29,black,brown,medium,oval,straight,medium,soft
2147.jpg,male,0-2,black,brown,medium,oval,straight,medium,soft
2149.jpg,female,more than 70,black,brown,medium,oval,straight,medium,soft
2152.jpg,female,10-19,black,brown,medium,oval,straight,medium,soft
2163.jpg,female,20-29,black,brown,medium,oval,straight,medium,soft
2177.jpg,male,20-29,black,brown,medium,oval,straight,medium,soft
2186.jpg,male,20-29,black,brown,medium,oval,straight,medium,soft
2188.jpg,female,10-19,black,brown,medium,oval,straight,medium,soft
2198.jpg,male,40-49,black,brown,medium,oval,straight,medium,soft
2202.jpg,male,3-9,black,brown,medium,oval,straight,medium,soft
2205.jpg,male,20-29,black,brown,medium,oval,straight,medium,soft
2225.jpg,male,50-59,black,brown,medium,oval,straight,medium,soft
2229.jpg,male,20-29,black,brown,medium,oval,straight,medium,soft
2236.jpg,female,10-19,black,brown,medium,oval,straight,medium,soft
2239.jpg,female,50-59,black,brown,medium,oval,straight,medium,soft
2262.jpg,female,20-29,black,brown,medium,oval,straight,medium,soft
2292.jpg,male,40-49,black,brown,medium,oval,straight,medium,soft
2302.jpg,male,30-39,black,brown,medium,oval,straight,medium,soft
2306.jpg,male,40-49,black,brown,medium,oval,straight,medium,soft
2309.jpg,male,20-29,black,brown,medium,oval,straight,medium,soft
2317.jpg,female,20-29,black,brown,medium,oval,straight,medium,soft
2325.jpg,female,3-9,black,brown,medium,oval,straight,medium,soft
2329.jpg,female,60-69,black,brown,medium,oval,straight,medium,soft
2330.jpg,male,40-49,black,brown,medium,oval,straight,medium,soft
2334.jpg,male,60-69,black,brown,medium,oval,straight,medium,soft
2342.jpg,male,20-29,black,brown,medium,oval,straight,medium,soft
2343.jpg,female,20-29,black,brown,medium,oval,straight,medium,soft
2344.jpg,female,20-29,black,brown,medium,oval,straight,medium,soft
2354.jpg,male,10-19,black,brown,medium,oval,straight,medium,soft
2356.jpg,female,20-29,black,brown,medium,oval,straight,medium,soft
2358.jpg,male,30-39,black,brown,medium,oval,straight,medium,soft
2383.jpg,female,40-49,black,brown,medium,oval,straight,medium,soft
2387.jpg,male,40-49,black,brown,medium,oval,straight,medium,soft
2393.jpg,male,40-49,black,brown,medium,oval,straight,medium,soft
2403.jpg,female,10-19,black,brown,medium,oval,straight,medium,soft
2418.jpg,female,10-19,black,brown,medium,oval,straight,medium,soft
2432.jpg,female,20-29,black,brown,medium,oval,straight,medium,soft
2433.jpg,male,30-39,black,brown,medium,oval,straight,medium,soft
2435.jpg,female,20-29,black,brown,medium,oval,straight,medium,soft
2443.jpg,male,30-39,black,brown,medium,oval,straight,medium,soft
2452.jpg,female,20-29,black,brown,medium,oval,straight,medium,soft
2459.jpg,female,20-29,black,brown,medium,oval,straight,medium,soft
2463.jpg,male,50-59,black,brown,medium,oval,straight,medium,soft
2469.jpg,female,20-29,black,brown,medium,oval,straight,medium,soft
2470.jpg,male,3-9,black,brown,medium,oval,straight,medium,soft
2473.jpg,female,40-49,black,brown,medium,oval,straight,medium,soft
2478.jpg,male,20-29,black,brown,medium,oval,straight,medium,soft
2488.jpg,female,40-49,black,brown,medium,oval,straight,medium,soft
2490.jpg,male,10-19,black,brown,medium,oval,straight,medium,soft
2494.jpg,male,10-19,black,brown,medium,oval,straight,medium,soft
2516.jpg,male,30-39,black,brown,medium,oval,straight,medium,soft
2517.jpg,male,20-29,black,brown,medium,oval,straight,medium,soft
2522.jpg,female,30-39,black,brown,medium,oval,straight,medium,soft
2524.jpg,female,20-29,black,brown,medium,oval,straight,medium,soft
2526.jpg,female,50-59,black,brown,medium,oval,straight,medium,soft
2527.jpg,male,20-29,black,brown,medium,oval,straight,medium,soft
2528.jpg,male,30-39,black,brown,medium,oval,straight,medium,soft
2529.jpg,male,30-39,black,brown,medium,oval,straight,medium,soft
2533.jpg,female,20-29,black,brown,medium,oval,straight,medium,soft
2535.jpg,male,3-9,black,brown,medium,oval,straight,medium,soft
2550.jpg,male,30-39,black,brown,medium,oval,straight,medium,soft
2552.jpg,female,60-69,black,brown,medium,oval,straight,medium,soft
2555.jpg,male,30-39,black,brown,medium,oval,straight,medium,soft
2557.jpg,female,10-19,black,brown,medium,oval,straight,medium,soft
2562.jpg,female,20-29,black,brown,medium,oval,straight,medium,soft
2582.jpg,male,30-39,black,brown,medium,oval,straight,medium,soft
2587.jpg,male,10-19,black,brown,medium,oval,straight,medium,soft
2592.jpg,female,20-29,black,brown,medium,oval,straight,medium,soft
2596.jpg,female,3-9,black,brown,medium,oval,straight,medium,soft
2601.jpg,female,30-39,black,brown,medium,oval,straight,medium,soft
2610.jpg,male,30-39,black,brown,medium,oval,straight,medium,soft
2613.jpg,male,10-19,black,brown,medium,oval,straight,medium,soft
2619.jpg,male,3-9,black,brown,medium,oval,straight,medium,soft
2630.jpg,male,20-29,black,brown,medium,oval,straight,medium,soft
2631.jpg,female,20-29,black,brown,medium,oval,straight,medium,soft
2633.jpg,female,50-59,black,brown,medium,oval,straight,medium,soft
2642.jpg,female,3-9,black,brown,medium,oval,straight,medium,soft
2645.jpg,female,10-19,black,brown,medium,oval,straight,medium,soft
2658.jpg,female,40-49,black,brown,medium,oval,straight,medium,soft
2669.jpg,male,30-39,black,brown,medium,oval,straight,medium,soft
2670.jpg,male,20-29,black,brown,medium,oval,straight,medium,soft
2674.jpg,female,20-29,black,brown,medium,oval,straight,medium,soft
2675.jpg,male,10-19,black,brown,medium,oval,straight,medium,soft
2687.jpg,male,40-49,black,brown,medium,oval,straight,medium,soft
2690.jpg,male,40-49,black,brown,medium,oval,straight,medium,soft
2691.jpg,male,3-9,black,brown,medium,oval,straight,medium,soft
2699.jpg,male,20-29,black,brown,medium,oval,straight,medium,soft
2703.jpg,male,30-39,black,brown,medium,oval,straight,medium,soft
2706.jpg,male,20-29,black,brown,medium,oval,straight,medium,soft
2712.jpg,female,20-29,black,brown,medium,oval,straight,medium,soft
2724.jpg,female,20-29,black,brown,medium,oval,straight,medium,soft
2726.jpg,male,10-19,black,brown,medium,oval,straight,medium,soft
2733.jpg,female,60-69,black,brown,medium,oval,straight,medium,soft
2737.jpg,female,20-29,black,brown,medium,oval,straight,medium,soft
2738.jpg,male,3-9,black,brown,medium,oval,straight,medium,soft
2745.jpg,female,60-69,black,brown,medium,oval,straight,medium,soft
2757.jpg,female,3-9,black,brown,medium,oval,straight,medium,soft
2759.jpg,male,40-49,black,brown,medium,oval,straight,medium,soft
2773.jpg,male,20-29,black,brown,medium,oval,straight,medium,soft
2776.jpg,female,30-39,black,brown,medium,oval,straight,medium,soft
2785.jpg,male,10-19,black,brown,medium,oval,straight,medium,soft
2794.jpg,female,20-29,black,brown,medium,oval,straight,medium,soft
2795.jpg,male,50-59,black,brown,medium,oval,straight,medium,soft
2807.jpg,female,50-59,black,brown,medium,oval,straight,medium,soft
2825.jpg,female,20-29,black,brown,medium,oval,straight,medium,soft
2827.jpg,female,30-39,black,brown,medium,oval,straight,medium,soft
2833.jpg,female,60-69,black,brown,medium,oval,straight,medium,soft
2835.jpg,male,40-49,black,brown,medium,oval,straight,medium,soft
2859.jpg,male,10-19,black,brown,medium,oval,straight,medium,soft
2871.jpg,male,40-49,black,brown,medium,oval,straight,medium,soft
2874.jpg,female,3-9,black,brown,medium,oval,straight,medium,soft
2882.jpg,male,3-9,black,brown,medium,oval,straight,medium,soft
2889.jpg,male,30-39,black,brown,medium,oval,straight,medium,soft
2890.jpg,male,30-39,black,brown,medium,oval,straight,medium,soft
2898.jpg,male,40-49,black,brown,medium,oval,straight,medium,soft
2906.jpg,female,20-29,black,brown,medium,oval,straight,medium,soft
2920.jpg,female,20-29,black,brown,medium,oval,straight,medium,soft
2921.jpg,male,40-49,black,brown,medium,oval,straight,medium,soft
2928.jpg,male,30-39,black,brown,medium,oval,straight,medium,soft
2932.jpg,female,50-59,black,brown,medium,oval,straight,medium,soft
2933.jpg,female,10-19,black,brown,medium,oval,straight,medium,soft
2937.jpg,male,30-39,black,brown,medium,oval,straight,medium,soft
2957.jpg,male,30-39,black,brown,medium,oval,straight,medium,soft
2961.jpg,female,60-69,black,brown,medium,oval,straight,medium,soft
2962.jpg,male,20-29,black,brown,medium,oval,straight,medium,soft
2974.jpg,female,30-39,black,brown,medium,oval,straight,medium,soft
2981.jpg,male,20-29,black,brown,medium,oval,straight,medium,soft
2982.jpg,female,30-39,black,brown,medium,oval,straight,medium,soft
2987.jpg,female,3-9,black,brown,medium,oval,straight,medium,soft
3003.jpg,male,30-39,black,brown,medium,oval,straight,medium,soft
3016.jpg,female,40-49,black,brown,medium,oval,straight,medium,soft
3017.jpg,female,20-29,black,brown,medium,oval,straight,medium,soft
3028.jpg,male,30-39,black,brown,medium,oval,straight,medium,soft
3059.jpg,male,50-59,black,brown,medium,oval,straight,medium,soft
3065.jpg,male,more than 70,black,brown,medium,oval,straight,medium,soft
3068.jpg,female,10-19,black,brown,medium,oval,straight,medium,soft
3074.jpg,female,30-39,black,brown,medium,oval,straight,medium,soft
3083.jpg,female,20-29,black,brown,medium,oval,straight,medium,soft
3093.jpg,female,50-59,black,brown,medium,oval,straight,medium,soft
3098.jpg,male,3-9,black,brown,medium,oval,straight,medium,soft
3110.jpg,female,30-39,black,brown,medium,oval,straight,medium,soft
3117.jpg,male,more than 70,black,brown,medium,oval,straight,medium,soft
3120.jpg,female,3-9,black,brown,medium,oval,straight,medium,soft
3128.jpg,male,40-49,black,brown,medium,oval,straight,medium,soft
3133.jpg,female,30-39,black,brown,medium,oval,straight,medium,soft
3137.jpg,male,40-49,black,brown,medium,oval,straight,medium,soft
3140.jpg,female,40-49,black,brown,medium,oval,straight,medium,soft
3143.jpg,female,50-59,black,brown,medium,oval,straight,medium,soft
3144.jpg,male,40-49,black,brown,medium,oval,straight,medium,soft
3146.jpg,female,3-9,black,brown,medium,oval,straight,medium,soft
3149.jpg,male,more than 70,black,brown,medium,oval,straight,medium,soft
3151.jpg,male,30-39,black,brown,medium,oval,straight,medium,soft
3161.jpg,female,30-39,black,brown,medium,oval,straight,medium,soft
3169.jpg,male,20-29,black,brown,medium,oval,straight,medium,soft
3202.jpg,male,30-39,black,brown,medium,oval,straight,medium,soft
3213.jpg,male,50-59,black,brown,medium,oval,straight,medium,soft
3223.jpg,male,40-49,black,brown,medium,oval,straight,medium,soft
3229.jpg,female,20-29,black,brown,medium,oval,straight,medium,soft
3238.jpg,male,10-19,black,brown,medium,oval,straight,medium,soft
3245.jpg,male,60-69,black,brown,medium,oval,straight,medium,soft
3250.jpg,male,30-39,black,brown,medium,oval,straight,medium,soft
3256.jpg,male,30-39,black,brown,medium,oval,straight,medium,soft
3261.jpg,female,20-29,black,brown,medium,oval,straight,medium,soft
3274.jpg,male,30-39,black,brown,medium,oval,straight,medium,soft
3281.jpg,female,3-9,black,brown,medium,oval,straight,medium,soft
3283.jpg,male,10-19,black,brown,medium,oval,straight,medium,soft
3292.jpg,male,50-59,black,brown,medium,oval,straight,medium,soft
3308.jpg,male,30-39,black,brown,medium,oval,straight,medium,soft
3311.jpg,female,30-39,black,brown,medium,oval,straight,medium,soft
3317.jpg,female,10-19,black,brown,medium,oval,straight,medium,soft
3325.jpg,female,3-9,black,brown,medium,oval,straight,medium,soft
3327.jpg,female,40-49,black,brown,medium,oval,straight,medium,soft
3332.jpg,female,40-49,black,brown,medium,oval,straight,medium,soft
3338.jpg,female,10-19,black,brown,medium,oval,straight,medium,soft
3355.jpg,male,30-39,black,brown,medium,oval,straight,medium,soft
3361.jpg,male,10-19,black,brown,medium,oval,straight,medium,soft
3365.jpg,female,20-29,black,brown,medium,oval,straight,medium,soft
3383.jpg,female,40-49,black,brown,medium,oval,straight,medium,soft
3409.jpg,male,40-49,black,brown,medium,oval,straight,medium,soft
3421.jpg,male,10-19,black,brown,medium,oval,straight,medium,soft
3422.jpg,female,20-29,black,brown,medium,oval,straight,medium,soft
3432.jpg,female,40-49,black,brown,medium,oval,straight,medium,soft
3436.jpg,male,40-49,black,brown,medium,oval,straight,medium,soft
3438.jpg,male,20-29,black,brown,medium,oval,straight,medium,soft
3443.jpg,female,30-39,black,brown,medium,oval,straight,medium,soft
3446.jpg,female,10-19,black,brown,medium,oval,straight,medium,soft
3449.jpg,female,30-39,black,brown,medium,oval,straight,medium,soft
3451.jpg,male,40-49,black,brown,medium,oval,straight,medium,soft
3458.jpg,female,3-9,black,brown,medium,oval,straight,medium,soft
3460.jpg,male,50-59,black,brown,medium,oval,straight,medium,soft
3463.jpg,male,20-29,black,brown,medium,oval,straight,medium,soft
3471.jpg,male,3-9,black,brown,medium,oval,straight,medium,soft
3477.jpg,female,10-19,black,brown,medium,oval,straight,medium,soft
3478.jpg,female,30-39,black,brown,medium,oval,straight,medium,soft
3485.jpg,male,30-39,black,brown,medium,oval,straight,medium,soft
3489.jpg,male,40-49,black,brown,medium,oval,straight,medium,soft
3494.jpg,male,0-2,black,brown,medium,oval,straight,medium,soft
3498.jpg,female,40-49,black,brown,medium,oval,straight,medium,soft
3510.jpg,male,more than 70,black,brown,medium,oval,straight,medium,soft
3519.jpg,male,3-9,black,brown,medium,oval,straight,medium,soft
3523.jpg,female,30-39,black,brown,medium,oval,straight,medium,soft
3525.jpg,male,20-29,black,brown,medium,oval,straight,medium,soft
3532.jpg,female,20-29,black,brown,medium,oval,straight,medium,soft
3537.jpg,female,3-9,black,brown,medium,oval,straight,medium,soft
3538.jpg,female,20-29,black,brown,medium,oval,straight,medium,soft
3544.jpg,female,40-49,black,brown,medium,oval,straight,medium,soft
3546.jpg,female,20-29,black,brown,medium,oval,straight,medium,soft
3547.jpg,female,30-39,black,brown,medium,oval,straight,medium,soft
3552.jpg,male,50-59,black,brown,medium,oval,straight,medium,soft
3553.jpg,female,20-29,black,brown,medium,oval,straight,medium,soft
3570.jpg,male,60-69,black,brown,medium,oval,straight,medium,soft
3571.jpg,male,3-9,black,brown,medium,oval,straight,medium,soft
3575.jpg,male,40-49,black,brown,medium,oval,straight,medium,soft
3580.jpg,female,10-19,black,brown,medium,oval,straight,medium,soft
3591.jpg,male,20-29,black,brown,medium,oval,straight,medium,soft
3600.jpg,female,20-29,black,brown,medium,oval,straight,medium,soft
3613.jpg,female,10-19,black,brown,medium,oval,straight,medium,soft
3631.jpg,male,60-69,black,brown,medium,oval,straight,medium,soft
3638.jpg,female,20-29,black,brown,medium,oval,straight,medium,soft
3642.jpg,female,60-69,black,brown,medium,oval,straight,medium,soft
3648.jpg,female,10-19,black,brown,medium,oval,straight,medium,soft
3649.jpg,male,40-49,black,brown,medium,oval,straight,medium,soft
3662.jpg,male,30-39,black,brown,medium,oval,straight,medium,soft
3689.jpg,female,30-39,black,brown,medium,oval,straight,medium,soft
3692.jpg,female,30-39,black,brown,medium,oval,straight,medium,soft
3693.jpg,female,40-49,black,brown,medium,oval,straight,medium,soft
3697.jpg,male,30-39,black,brown,medium,oval,straight,medium,soft
3723.jpg,female,20-29,black,brown,medium,oval,straight,medium,soft
3724.jpg,female,30-39,black,brown,medium,oval,straight,medium,soft
3748.jpg,female,30-39,black,brown,medium,oval,straight,medium,soft
3754.jpg,female,20-29,black,brown,medium,oval,straight,medium,soft
3755.jpg,male,3-9,black,brown,medium,oval,straight,medium,soft
3765.jpg,male,20-29,black,brown,medium,oval,straight,medium,soft
3776.jpg,male,20-29,black,brown,medium,oval,straight,medium,soft
3781.jpg,male,3-9,black,brown,medium,oval,straight,medium,soft
3786.jpg,female,20-29,black,brown,medium,oval,straight,medium,soft
3792.jpg,female,40-49,black,brown,medium,oval,straight,medium,soft
3795.jpg,male,30-39,black,brown,medium,oval,straight,medium,soft
3811.jpg,female,20-29,black,brown,medium,oval,straight,medium,soft
3824.jpg,male,30-39,black,brown,medium,oval,straight,medium,soft
3825.jpg,male,3-9,black,brown,medium,oval,straight,medium,soft
3831.jpg,female,3-9,black,brown,medium,oval,straight,medium,soft
3832.jpg,male,20-29,black,brown,medium,oval,straight,medium,soft
3848.jpg,male,10-19,black,brown,medium,oval,straight,medium,soft
3851.jpg,female,50-59,black,brown,medium,oval,straight,medium,soft
3853.jpg,female,10-19,black,brown,medium,oval,straight,medium,soft
3856.jpg,male,20-29,black,brown,medium,oval,straight,medium,soft
3858.jpg,male,60-69,black,brown,medium,oval,straight,medium,soft
3864.jpg,female,40-49,black,brown,medium,oval,straight,medium,soft
3878.jpg,female,20-29,black,brown,medium,oval,straight,medium,soft
3882.jpg,male,50-59,black,brown,medium,oval,straight,medium,soft
3883.jpg,male,40-49,black,brown,medium,oval,straight,medium,soft
3907.jpg,female,50-59,black,brown,medium,oval,straight,medium,soft
3932.jpg,female,40-49,black,brown,medium,oval,straight,medium,soft
3938.jpg,male,20-29,black,brown,medium,oval,straight,medium,soft
3944.jpg,female,30-39,black,brown,medium,oval,straight,medium,soft
3948.jpg,male,40-49,black,brown,medium,oval,straight,medium,soft
3953.jpg,male,30-39,black,brown,medium,oval,straight,medium,soft
3956.jpg,male,30-39,black,brown,medium,oval,straight,medium,soft
3982.jpg,male,20-29,black,brown,medium,oval,straight,medium,soft
3988.jpg,male,40-49,black,brown,medium,oval,straight,medium,soft
3993.jpg,female,20-29,black,brown,medium,oval,straight,medium,soft
4002.jpg,male,3-9,black,brown,medium,oval,straight,medium,soft
4013.jpg,male,30-39,black,brown,medium,oval,straight,medium,soft
4020.jpg,female,20-29,black,brown,medium,oval,straight,medium,soft
4024.jpg,female,40-49,black,brown,medium,oval,straight,medium,soft
4025.jpg,female,30-39,black,brown,medium,oval,straight,medium,soft
4036.jpg,female,40-49,black,brown,medium,oval,straight,medium,soft
4044.jpg,female,40-49,black,brown,medium,oval,straight,medium,soft
4062.jpg,male,20-29,black,brown,medium,oval,straight,medium,soft
4063.jpg,female,3-9,black,brown,medium,oval,straight,medium,soft
4079.jpg,male,3-9,black,brown,medium,oval,straight,medium,soft
4083.jpg,male,30-39,black,brown,medium,oval,straight,medium,soft
4104.jpg,female,30-39,black,brown,medium,oval,straight,medium,soft
4106.jpg,male,40-49,black,brown,medium,oval,straight,medium,soft
4108.jpg,female,10-19,black,brown,medium,oval,straight,medium,soft
4110.jpg,male,40-49,black,brown,medium,oval,straight,medium,soft
4115.jpg,male,20-29,black,brown,medium,oval,straight,medium,soft
4116.jpg,male,10-19,black,brown,medium,oval,straight,medium,soft
4118.jpg,male,40-49,black,brown,medium,oval,straight,medium,soft
4134.jpg,male,40-49,black,brown,medium,oval,straight,medium,soft
4136.jpg,female,10-19,black,brown,medium,oval,straight,medium,soft
4152.jpg,female,40-49,black,brown,medium,oval,straight,medium,soft
4153.jpg,male,3-9,black,brown,medium,oval,straight,medium,soft
4169.jpg,female,40-49,black,brown,medium,oval,straight,medium,soft
4173.jpg,male,10-19,black,brown,medium,oval,straight,medium,soft
4177.jpg,female,10-19,black,brown,medium,oval,straight,medium,soft
4178.jpg,male,30-39,black,brown,medium,oval,straight,medium,soft
4180.jpg,female,3-9,black,brown,medium,oval,straight,medium,soft
4190.jpg,male,more than 70,black,brown,medium,oval,straight,medium,soft
4192.jpg,male,20-29,black,brown,medium,oval,straight,medium,soft
4193.jpg,male,20-29,black,brown,medium,oval,straight,medium,soft
4204.jpg,female,40-49,black,brown,medium,oval,straight,medium,soft
4215.jpg,male,20-29,black,brown,medium,oval,straight,medium,soft
4217.jpg,female,3-9,black,brown,medium,oval,straight,medium,soft
4227.jpg,male,10-19,black,brown,medium,oval,straight,medium,soft
4235.jpg,female,3-9,black,brown,medium,oval,straight,medium,soft
4239.jpg,female,50-59,black,brown,medium,oval,straight,medium,soft
4255.jpg,female,20-29,black,brown,medium,oval,straight,medium,soft
4256.jpg,male,20-29,black,brown,medium,oval,straight,medium,soft
4262.jpg,male,30-39,black,brown,medium,oval,straight,medium,soft
4266.jpg,female,20-29,black,brown,medium,oval,straight,medium,soft
4275.jpg,female,40-49,black,brown,medium,oval,straight,medium,soft
4286.jpg,female,10-19,black,brown,medium,oval,straight,medium,soft
4287.jpg,female,more than 70,black,brown,medium,oval,straight,medium,soft
4303.jpg,male,40-49,black,brown,medium,oval,straight,medium,soft
4307.jpg,female,10-19,black,brown,medium,oval,straight,medium,soft
4311.jpg,male,0-2,black,brown,medium,oval,straight,medium,soft
4317.jpg,male,30-39,black,brown,medium,oval,straight,medium,soft
4321.jpg,female,40-49,black,brown,medium,oval,straight,medium,soft
4323.jpg,male,20-29,black,brown,medium,oval,straight,medium,soft
4335.jpg,male,20-29,black,brown,medium,oval,straight,medium,soft
4336.jpg,male,30-39,black,brown,medium,oval,straight,medium,soft
4343.jpg,female,20-29,black,brown,medium,oval,straight,medium,soft
4344.jpg,male,10-19,black,brown,medium,oval,straight,medium,soft
4348.jpg,female,40-49,black,brown,medium,oval,straight,medium,soft
4352.jpg,female,40-49,black,brown,medium,oval,straight,medium,soft
4353.jpg,female,10-19,black,brown,medium,oval,straight,medium,soft
4360.jpg,female,20-29,black,brown,medium,oval,straight,medium,soft
4362.jpg,female,3-9,black,brown,medium,oval,straight,medium,soft
4363.jpg,male,30-39,black,brown,medium,oval,straight,medium,soft
4364.jpg,female,3-9,black,brown,medium,oval,straight,medium,soft
4390.jpg,female,50-59,black,brown,medium,oval,straight,medium,soft
4391.jpg,male,30-39,black,brown,medium,oval,straight,medium,soft
4392.jpg,male,30-39,black,brown,medium,oval,straight,medium,soft
4400.jpg,male,20-29,black,brown,medium,oval,straight,medium,soft
4414.jpg,female,3-9,black,brown,medium,oval,straight,medium,soft
4423.jpg,male,30-39,black,brown,medium,oval,straight,medium,soft
4424.jpg,male,40-49,black,brown,medium,oval,straight,medium,soft
4425.jpg,female,20-29,black,brown,medium,oval,straight,medium,soft
4436.jpg,female,10-19,black,brown,medium,oval,straight,medium,soft
4440.jpg,female,3-9,black,brown,medium,oval,straight,medium,soft
4448.jpg,female,50-59,black,brown,medium,oval,straight,medium,soft
4449.jpg,male,3-9,black,brown,medium,oval,straight,medium,soft
4455.jpg,male,10-19,black,brown,medium,oval,straight,medium,soft
4456.jpg,female,10-19,black,brown,medium,oval,straight,medium,soft
4458.jpg,female,3-9,black,brown,medium,oval,straight,medium,soft
4459.jpg,male,30-39,black,brown,medium,oval,straight,medium,soft
4465.jpg,male,3-9,black,brown,medium,oval,straight,medium,soft
4481.jpg,female,50-59,black,brown,medium,oval,straight,medium,soft
4498.jpg,female,10-19,black,brown,medium,oval,straight,medium,soft
4502.jpg,male,20-29,black,brown,medium,oval,straight,medium,soft
4508.jpg,female,10-19,black,brown,medium,oval,straight,medium,soft
4511.jpg,female,30-39,black,brown,medium,oval,straight,medium,soft
4519.jpg,female,50-59,black,brown,medium,oval,straight,medium,soft
4522.jpg,male,30-39,black,brown,medium,oval,straight,medium,soft
4525.jpg,male,30-39,black,brown,medium,oval,straight,medium,soft
4527.jpg,male,30-39,black,brown,medium,oval,straight,medium,soft
4541.jpg,female,20-29,black,brown,medium,oval,straight,medium,soft
4556.jpg,female,20-29,black,brown,medium,oval,straight,medium,soft
4561.jpg,female,20-29,black,brown,medium,oval,straight,medium,soft
4562.jpg,female,50-59,black,brown,medium,oval,straight,medium,soft
4567.jpg,female,50-59,black,brown,medium,oval,straight,medium,soft
4586.jpg,male,10-19,black,brown,medium,oval,straight,medium,soft
4591.jpg,female,10-19,black,brown,medium,oval,straight,medium,soft
4596.jpg,male,20-29,black,brown,medium,oval,straight,medium,soft
4604.jpg,female,30-39,black,brown,medium,oval,straight,medium,soft
4609.jpg,female,30-39,black,brown,medium,oval,straight,medium,soft
4612.jpg,female,0-2,black,brown,medium,oval,straight,medium,soft
4619.jpg,female,more than 70,black,brown,medium,oval,straight,medium,soft
4622.jpg,female,10-19,black,brown,medium,oval,straight,medium,soft
4624.jpg,male,30-39,black,brown,medium,oval,straight,medium,soft
4627.jpg,female,50-59,black,brown,medium,oval,straight,medium,soft
4628.jpg,male,30-39,black,brown,medium,oval,straight,medium,soft
4633.jpg,female,10-19,black,brown,medium,oval,straight,medium,soft
4636.jpg,female,20-29,black,brown,medium,oval,straight,medium,soft
4644.jpg,female,50-59,black,brown,medium,oval,straight,medium,soft
4655.jpg,male,60-69,black,brown,medium,oval,straight,medium,soft
4671.jpg,male,30-39,black,brown,medium,oval,straight,medium,soft
4677.jpg,male,3-9,black,brown,medium,oval,straight,medium,soft
4705.jpg,male,20-29,black,brown,medium,oval,straight,medium,soft
4710.jpg,female,20-29,black,brown,medium,oval,straight,medium,soft
4724.jpg,male,10-19,black,brown,medium,oval,straight,medium,soft
4733.jpg,male,20-29,black,brown,medium,oval,straight,medium,soft
4734.jpg,male,40-49,black,brown,medium,oval,straight,medium,soft
4741.jpg,female,3-9,black,brown,medium,oval,straight,medium,soft
4742.jpg,female,40-49,black,brown,medium,oval,straight,medium,soft
4750.jpg,female,20-29,black,brown,medium,oval,straight,medium,soft
4752.jpg,male,40-49,black,brown,medium,oval,straight,medium,soft
4760.jpg,male,20-29,black,brown,medium,oval,straight,medium,soft
4764.jpg,male,50-59,black,brown,medium,oval,straight,medium,soft
4770.jpg,female,10-19,black,brown,medium,oval,straight,medium,soft
4784.jpg,female,more than 70,black,brown,medium,oval,straight,medium,soft
4786.jpg,female,3-9,black,brown,medium,oval,straight,medium,soft
4790.jpg,male,30-39,black,brown,medium,oval,straight,medium,soft
4802.jpg,male,20-29,black,brown,medium,oval,straight,medium,soft
4807.jpg,male,50-59,black,brown,medium,oval,straight,medium,soft
4811.jpg,female,20-29,black,brown,medium,oval,straight,medium,soft
4817.jpg,male,10-19,black,brown,medium,oval,straight,medium,soft
4822.jpg,female,40-49,black,brown,medium,oval,straight,medium,soft
4831.jpg,female,30-39,black,brown,medium,oval,straight,medium,soft
4834.jpg,female,50-59,black,brown,medium,oval,straight,medium,soft
4836.jpg,male,40-49,black,brown,medium,oval,straight,medium,soft
4841.jpg,female,10-19,black,brown,medium,oval,straight,medium,soft
4848.jpg,female,30-39,black,brown,medium,oval,straight,medium,soft
4850.jpg,female,20-29,black,brown,medium,oval,straight,medium,soft
4854.jpg,female,40-49,black,brown,medium,oval,straight,medium,soft
4861.jpg,female,30-39,black,brown,medium,oval,straight,medium,soft
4865.jpg,male,20-29,black,brown,medium,oval,straight,medium,soft
4875.jpg,female,20-29,black,brown,medium,oval,straight,medium,soft
4876.jpg,female,20-29,black,brown,medium,oval,straight,medium,soft
4883.jpg,female,30-39,black,brown,medium,oval,straight,medium,soft
4898.jpg,male,0-2,black,brown,medium,oval,straight,medium,soft
4900.jpg,female,10-19,black,brown,medium,oval,straight,medium,soft
4902.jpg,male,50-59,black,brown,medium,oval,straight,medium,soft
4910.jpg,male,3-9,black,brown,medium,oval,straight,medium,soft
4911.jpg,male,30-39,black,brown,medium,oval,straight,medium,soft
4916.jpg,male,20-29,black,brown,medium,oval,straight,medium,soft
4926.jpg,female,10-19,black,brown,medium,oval,straight,medium,soft
4931.jpg,male,10-19,black,brown,medium,oval,straight,medium,soft
4956.jpg,male,3-9,black,brown,medium,oval,straight,medium,soft
4964.jpg,female,20-29,black,brown,medium,oval,straight,medium,soft
4965.jpg,female,30-39,black,brown,medium,oval,straight,medium,soft
4970.jpg,female,20-29,black,brown,medium,oval,straight,medium,soft
4980.jpg,male,60-69,black,brown,medium,oval,straight,medium,soft
4987.jpg,male,40-49,black,brown,medium,oval,straight,medium,soft
4988.jpg,male,30-39,black,brown,medium,oval,straight,medium,soft
4998.jpg,female,10-19,black,brown,medium,oval,straight,medium,soft
5004.jpg,female,50-59,black,brown,medium,oval,straight,medium,soft
5014.jpg,female,40-49,black,brown,medium,oval,straight,medium,soft
5015.jpg,female,3-9,black,brown,medium,oval,straight,medium,soft
5017.jpg,male,3-9,black,brown,medium,oval,straight,medium,soft
5022.jpg,female,20-29,black,brown,medium,oval,straight,medium,soft
5025.jpg,male,3-9,black,brown,medium,oval,straight,medium,soft
5032.jpg,female,30-39,black,brown,medium,oval,straight,medium,soft
5058.jpg,female,30-39,black,brown,medium,oval,straight,medium,soft
5071.jpg,female,0-2,black,brown,medium,oval,straight,medium,soft
5077.jpg,female,20-29,black,brown,medium,oval,straight,medium,soft
5082.jpg,male,60-69,black,brown,medium,oval,straight,medium,soft
5089.jpg,female,30-39,black,brown,medium,oval,straight,medium,soft
5093.jpg,female,10-19,black,brown,medium,oval,straight,medium,soft
5094.jpg,male,10-19,black,brown,medium,oval,straight,medium,soft
5096.jpg,male,50-59,black,brown,medium,oval,straight,medium,soft
5104.jpg,female,20-29,black,brown,medium,oval,straight,medium,soft
5117.jpg,male,10-19,black,brown,medium,oval,straight,medium,soft
5127.jpg,female,20-29,black,brown,medium,oval,straight,medium,soft
5132.jpg,female,30-39,black,brown,medium,oval,straight,medium,soft
5134.jpg,male,30-39,black,brown,medium,oval,straight,medium,soft
5152.jpg,female,40-49,black,brown,medium,oval,straight,medium,soft
5157.jpg,female,10-19,black,brown,medium,oval,straight,medium,soft
5161.jpg,male,10-19,black,brown,medium,oval,straight,medium,soft
5162.jpg,male,10-19,black,brown,medium,oval,straight,medium,soft
5163.jpg,female,20-29,black,brown,medium,oval,straight,medium,soft
5165.jpg,female,60-69,black,brown,medium,oval,straight,medium,soft
5173.jpg,female,10-19,black,brown,medium,oval,straight,medium,soft
5174.jpg,female,10-19,black,brown,medium,oval,straight,medium,soft
5179.jpg,female,30-39,black,brown,medium,oval,straight,medium,soft
5180.jpg,male,40-49,black,brown,medium,oval,straight,medium,soft
5183.jpg,male,40-49,black,brown,medium,oval,straight,medium,soft
5186.jpg,male,30-39,black,brown,medium,oval,straight,medium,soft
5210.jpg,male,3-9,black,brown,medium,oval,straight,medium,soft
5221.jpg,female,20-29,black,brown,medium,oval,straight,medium,soft
5228.jpg,female,20-29,black,brown,medium,oval,straight,medium,soft
5231.jpg,female,20-29,black,brown,medium,oval,straight,medium,soft
5267.jpg,female,20-29,black,brown,medium,oval,straight,medium,soft
5268.jpg,female,30-39,black,brown,medium,oval,straight,medium,soft
5271.jpg,female,3-9,black,brown,medium,oval,straight,medium,soft
5273.jpg,male,40-49,black,brown,medium,oval,straight,medium,soft
5279.jpg,male,20-29,black,brown,medium,oval,straight,medium,soft
5283.jpg,female,3-9,black,brown,medium,oval,straight,medium,soft
5299.jpg,female,20-29,black,brown,medium,oval,straight,medium,soft
5303.jpg,female,10-19,black,brown,medium,oval,straight,medium,soft
5305.jpg,female,30-39,black,brown,medium,oval,straight,medium,soft
5320.jpg,female,20-29,black,brown,medium,oval,straight,medium,soft
5322.jpg,male,20-29,black,brown,medium,oval,straight,medium,soft
5323.jpg,male,40-49,black,brown,medium,oval,straight,medium,soft
5326.jpg,female,20-29,black,brown,medium,oval,straight,medium,soft
5329.jpg,female,0-2,black,brown,medium,oval,straight,medium,soft
5341.jpg,female,3-9,black,brown,medium,oval,straight,medium,soft
5349.jpg,male,30-39,black,brown,medium,oval,straight,medium,soft
5354.jpg,male,50-59,black,brown,medium,oval,straight,medium,soft
5371.jpg,female,3-9,black,brown,medium,oval,straight,medium,soft
5375.jpg,female,20-29,black,brown,medium,oval,straight,medium,soft
5383.jpg,female,3-9,black,brown,medium,oval,straight,medium,soft
5390.jpg,male,20-29,black,brown,medium,oval,straight,medium,soft
5397.jpg,male,10-19,black,brown,medium,oval,straight,medium,soft
5404.jpg,male,20-29,black,brown,medium,oval,straight,medium,soft
5423.jpg,female,20-29,black,brown,medium,oval,straight,medium,soft
5426.jpg,male,30-39,black,brown,medium,oval,straight,medium,soft
5435.jpg,male,50-59,black,brown,medium,oval,straight,medium,soft
5442.jpg,male,10-19,black,brown,medium,oval,straight,medium,soft
5465.jpg,male,10-19,black,brown,medium,oval,straight,medium,soft
5470.jpg,female,10-19,black,brown,medium,oval,straight,medium,soft
5474.jpg,female,50-59,black,brown,medium,oval,straight,medium,soft
5487.jpg,female,3-9,black,brown,medium,oval,straight,medium,soft
5505.jpg,female,30-39,black,brown,medium,oval,straight,medium,soft
5510.jpg,female,20-29,black,brown,medium,oval,straight,medium,soft
5514.jpg,female,20-29,black,brown,medium,oval,straight,medium,soft
5537.jpg,female,20-29,black,brown,medium,oval,straight,medium,soft
5556.jpg,female,10-19,black,brown,medium,oval,straight,medium,soft
5580.jpg,male,3-9,black,brown,medium,oval,straight,medium,soft
5587.jpg,female,60-69,black,brown,medium,oval,straight,medium,soft
5588.jpg,male,3-9,black,brown,medium,oval,straight,medium,soft
5604.jpg,female,30-39,black,brown,medium,oval,straight,medium,soft
5624.jpg,male,30-39,black,brown,medium,oval,straight,medium,soft
5627.jpg,male,20-29,black,brown,medium,oval,straight,medium,soft
5641.jpg,male,3-9,black,brown,medium,oval,straight,medium,soft
5648.jpg,male,30-39,black,brown,medium,oval,straight,medium,soft
5664.jpg,male,50-59,black,brown,medium,oval,straight,medium,soft
5682.jpg,male,30-39,black,brown,medium,oval,straight,medium,soft
5693.jpg,male,40-49,black,brown,medium,oval,straight,medium,soft
5694.jpg,female,10-19,black,brown,medium,oval,straight,medium,soft
5699.jpg,male,30-39,black,brown,medium,oval,straight,medium,soft
5701.jpg,female,20-29,black,brown,medium,oval,straight,medium,soft
5735.jpg,female,20-29,black,brown,medium,oval,straight,medium,soft
5748.jpg,female,10-19,black,brown,medium,oval,straight,medium,soft
5753.jpg,female,3-9,black,brown,medium,oval,straight,medium,soft
5755.jpg,male,50-59,black,brown,medium,oval,straight,medium,soft
5758.jpg,male,20-29,black,brown,medium,oval,straight,medium,soft
5767.jpg,male,20-29,black,brown,medium,oval,straight,medium,soft
5776.jpg,male,30-39,black,brown,medium,oval,straight,medium,soft
5783.jpg,female,40-49,black,brown,medium,oval,straight,medium,soft
5802.jpg,female,40-49,black,brown,medium,oval,straight,medium,soft
5813.jpg,female,10-19,black,brown,medium,oval,straight,medium,soft
5816.jpg,female,10-19,black,brown,medium,oval,straight,medium,soft
5826.jpg,male,3-9,black,brown,medium,oval,straight,medium,soft
5827.jpg,female,20-29,black,brown,medium,oval,straight,medium,soft
5829.jpg,female,10-19,black,brown,medium,oval,straight,medium,soft
5836.jpg,female,0-2,black,brown,medium,oval,straight,medium,soft
5837.jpg,female,30-39,black,brown,medium,oval,straight,medium,soft
5847.jpg,male,20-29,black,brown,medium,oval,straight,medium,soft
5857.jpg,female,3-9,black,brown,medium,oval,straight,medium,soft
5877.jpg,male,40-49,black,brown,medium,oval,straight,medium,soft
5892.jpg,male,20-29,black,brown,medium,oval,straight,medium,soft
5895.jpg,male,30-39,black,brown,medium,oval,straight,medium,soft
5898.jpg,male,20-29,black,brown,medium,oval,straight,medium,soft
5901.jpg,male,30-39,black,brown,medium,oval,straight,medium,soft
5903.jpg,female,3-9,black,brown,medium,oval,straight,medium,soft
5905.jpg,female,10-19,black,brown,medium,oval,straight,medium,soft
5924.jpg,female,40-49,black,brown,medium,oval,straight,medium,soft
5931.jpg,male,40-49,black,brown,medium,oval,straight,medium,soft
5936.jpg,female,50-59,black,brown,medium,oval,straight,medium,soft
5942.jpg,male,30-39,black,brown,medium,oval,straight,medium,soft
5960.jpg,male,50-59,black,brown,medium,oval,straight,medium,soft
5964.jpg,male,30-39,black,brown,medium,oval,straight,medium,soft
5974.jpg,male,3-9,black,brown,medium,oval,straight,medium,soft
5976.jpg,female,20-29,black,brown,medium,oval,straight,medium,soft
5985.jpg,male,40-49,black,brown,medium,oval,straight,medium,soft
5988.jpg,female,40-49,black,brown,medium,oval,straight,medium,soft
5991.jpg,female,40-49,black,brown,medium,oval,straight,medium,soft
5992.jpg,female,30-39,black,brown,medium,oval,straight,medium,soft
5994.jpg,male,20-29,black,brown,medium,oval,straight,medium,soft
5997.jpg,female,60-69,black,brown,medium,oval,straight,medium,soft
6006.jpg,female,30-39,black,brown,medium,oval,straight,medium,soft
6008.jpg,female,50-59,black,brown,medium,oval,straight,medium,soft
6013.jpg,male,10-19,black,brown,medium,oval,straight,medium,soft
6027.jpg,male,50-59,black,brown,medium,oval,straight,medium,soft
6029.jpg,female,40-49,black,brown,medium,oval,straight,medium,soft
6043.jpg,male,3-9,black,brown,medium,oval,straight,medium,soft
6047.jpg,male,40-49,black,brown,medium,oval,straight,medium,soft
6051.jpg,male,30-39,black,brown,medium,oval,straight,medium,soft
6056.jpg,male,3-9,black,brown,medium,oval,straight,medium,soft
6063.jpg,male,20-29,black,brown,medium,oval,straight,medium,soft
6072.jpg,female,10-19,black,brown,medium,oval,straight,medium,soft
6073.jpg,male,50-59,black,brown,medium,oval,straight,medium,soft
6078.jpg,male,50-59,black,brown,medium,oval,straight,medium,soft
6081.jpg,female,50-59,black,brown,medium,oval,straight,medium,soft
6090.jpg,male,50-59,black,brown,medium,oval,straight,medium,soft
6097.jpg,male,60-69,black,brown,medium,oval,straight,medium,soft
6098.jpg,female,20-29,black,brown,medium,oval,straight,medium,soft
6107.jpg,female,50-59,black,brown,medium,oval,straight,medium,soft
6110.jpg,male,20-29,black,brown,medium,oval,straight,medium,soft
6111.jpg,male,20-29,black,brown,medium,oval,straight,medium,soft
6129.jpg,male,30-39,black,brown,medium,oval,straight,medium,soft
6135.jpg,male,50-59,black,brown,medium,oval,straight,medium,soft
6141.jpg,male,3-9,black,brown,medium,oval,straight,medium,soft
6155.jpg,female,30-39,black,brown,medium,oval,straight,medium,soft
6159.jpg,female,50-59,black,brown,medium,oval,straight,medium,soft
6171.jpg,female,20-29,black,brown,medium,oval,straight,medium,soft
6176.jpg,female,10-19,black,brown,medium,oval,straight,medium,soft
6180.jpg,female,30-39,black,brown,medium,oval,straight,medium,soft
6182.jpg,female,30-39,black,brown,medium,oval,straight,medium,soft
6188.jpg,female,10-19,black,brown,medium,oval,straight,medium,soft
6190.jpg,male,30-39,black,brown,medium,oval,straight,medium,soft
6193.jpg,male,20-29,black,brown,medium,oval,straight,medium,soft
6200.jpg,male,60-69,black,brown,medium,oval,straight,medium,soft
6203.jpg,female,20-29,black,brown,medium,oval,straight,medium,soft
6209.jpg,male,30-39,black,brown,medium,oval,straight,medium,soft
6210.jpg,female,10-19,black,brown,medium,oval,straight,medium,soft
6221.jpg,female,10-19,black,brown,medium,oval,straight,medium,soft
6223.jpg,female,20-29,black,brown,medium,oval,straight,medium,soft
6225.jpg,male,40-49,black,brown,medium,oval,straight,medium,soft
6236.jpg,male,50-59,black,brown,medium,oval,straight,medium,soft
6249.jpg,female,40-49,black,brown,medium,oval,straight,medium,soft
6252.jpg,female,3-9,black,brown,medium,oval,straight,medium,soft
6262.jpg,male,30-39,black,brown,medium,oval,straight,medium,soft
6269.jpg,male,30-39,black,brown,medium,oval,straight,medium,soft
6270.jpg,female,3-9,black,brown,medium,oval,straight,medium,soft
6276.jpg,male,40-49,black,brown,medium,oval,straight,medium,soft
6277.jpg,female,3-9,black,brown,medium,oval,straight,medium,soft
6279.jpg,female,3-9,black,brown,medium,oval,straight,medium,soft
6285.jpg,male,30-39,black,brown,medium,oval,straight,medium,soft
6309.jpg,male,40-49,black,brown,medium,oval,straight,medium,soft
6315.jpg,male,30-39,black,brown,medium,oval,straight,medium,soft
6323.jpg,female,3-9,black,brown,medium,oval,straight,medium,soft
6326.jpg,female,3-9,black,brown,medium,oval,straight,medium,soft
6330.jpg,male,10-19,black,brown,medium,oval,straight,medium,soft
6347.jpg,female,30-39,black,brown,medium,oval,straight,medium,soft
6352.jpg,female,10-19,black,brown,medium,oval,straight,medium,soft
6362.jpg,male,20-29,black,brown,medium,oval,straight,medium,soft
6369.jpg,female,10-19,black,brown,medium,oval,straight,medium,soft
6372.jpg,female,40-49,black,brown,medium,oval,straight,medium,soft
6374.jpg,male,more than 70,black,brown,medium,oval,straight,medium,soft
6377.jpg,female,20-29,black,brown,medium,oval,straight,medium,soft
6380.jpg,male,3-9,black,brown,medium,oval,straight,medium,soft
6385.jpg,female,20-29,black,brown,medium,oval,straight,medium,soft
6386.jpg,male,20-29,black,brown,medium,oval,straight,medium,soft
6387.jpg,male,30-39,black,brown,medium,oval,straight,medium,soft
6402.jpg,male,3-9,black,brown,medium,oval,straight,medium,soft
6405.jpg,female,20-29,black,brown,medium,oval,straight,medium,soft
6408.jpg,male,20-29,black,brown,medium,oval,straight,medium,soft
6417.jpg,male,3-9,black,brown,medium,oval,straight,medium,soft
6422.jpg,female,3-9,black,brown,medium,oval,straight,medium,soft
6431.jpg,female,10-19,black,brown,medium,oval,straight,medium,soft
6432.jpg,male,30-39,black,brown,medium,oval,straight,medium,soft
6437.jpg,female,20-29,black,brown,medium,oval,straight,medium,soft
6447.jpg,male,60-69,black,brown,medium,oval,straight,medium,soft
6468.jpg,male,30-39,black,brown,medium,oval,straight,medium,soft
6469.jpg,male,30-39,black,brown,medium,oval,straight,medium,soft
6473.jpg,female,20-29,black,brown,medium,oval,straight,medium,soft
6474.jpg,male,20-29,black,brown,medium,oval,straight,medium,soft
6477.jpg,male,30-39,black,brown,medium,oval,straight,medium,soft
6500.jpg,female,20-29,black,brown,medium,oval,straight,medium,soft
6502.jpg,female,20-29,black,brown,medium,oval,straight,medium,soft
6504.jpg,female,10-19,black,brown,medium,oval,straight,medium,soft
6505.jpg,female,20-29,black,brown,medium,oval,straight,medium,soft
6517.jpg,male,40-49,black,brown,medium,oval,straight,medium,soft
6525.jpg,male,50-59,black,brown,medium,oval,straight,medium,soft
6529.jpg,female,20-29,black,brown,medium,oval,straight,medium,soft
6534.jpg,female,40-49,black,brown,medium,oval,straight,medium,soft
6542.jpg,female,10-19,black,brown,medium,oval,straight,medium,soft
6545.jpg,female,30-39,black,brown,medium,oval,straight,medium,soft
6554.jpg,male,3-9,black,brown,medium,oval,straight,medium,soft
6555.jpg,male,50-59,black,brown,medium,oval,straight,medium,soft
6561.jpg,female,20-29,black,brown,medium,oval,straight,medium,soft
6567.jpg,male,10-19,black,brown,medium,oval,straight,medium,soft
6576.jpg,female,more than 70,black,brown,medium,oval,straight,medium,soft
6583.jpg,male,30-39,black,brown,medium,oval,straight,medium,soft
6584.jpg,female,10-19,black,brown,medium,oval,straight,medium,soft
6591.jpg,female,20-29,black,brown,medium,oval,straight,medium,soft
6593.jpg,male,10-19,black,brown,medium,oval,straight,medium,soft
6600.jpg,male,0-2,black,brown,medium,oval,straight,medium,soft
6605.jpg,female,50-59,black,brown,medium,oval,straight,medium,soft
6626.jpg,male,30-39,black,brown,medium,oval,straight,medium,soft
6630.jpg,male,30-39,black,brown,medium,oval,straight,medium,soft
6638.jpg,female,10-19,black,brown,medium,oval,straight,medium,soft
6641.jpg,female,10-19,black,brown,medium,oval,straight,medium,soft
6643.jpg,male,30-39,black,brown,medium,oval,straight,medium,soft
6645.jpg,female,40-49,black,brown,medium,oval,straight,medium,soft
6649.jpg,female,3-9,black,brown,medium,oval,straight,medium,soft
6652.jpg,male,60-69,black,brown,medium,oval,straight,medium,soft
6653.jpg,female,30-39,black,brown,medium,oval,straight,medium,soft
6662.jpg,female,20-29,black,brown,medium,oval,straight,medium,soft
6675.jpg,male,20-29,black,brown,medium,oval,straight,medium,soft
6701.jpg,female,20-29,black,brown,medium,oval,straight,medium,soft
6712.jpg,female,30-39,black,brown,medium,oval,straight,medium,soft
6724.jpg,male,3-9,black,brown,medium,oval,straight,medium,soft
6729.jpg,male,3-9,black,brown,medium,oval,straight,medium,soft
6734.jpg,female,50-59,black,brown,medium,oval,straight,medium,soft
6741.jpg,male,20-29,black,brown,medium,oval,straight,medium,soft
6745.jpg,male,40-49,black,brown,medium,oval,straight,medium,soft
6747.jpg,male,20-29,black,brown,medium,oval,straight,medium,soft
6758.jpg,male,30-39,black,brown,medium,oval,straight,medium,soft
6772.jpg,male,50-59,black,brown,medium,oval,straight,medium,soft
6783.jpg,male,60-69,black,brown,medium,oval,straight,medium,soft
6789.jpg,female,20-29,black,brown,medium,oval,straight,medium,soft
6803.jpg,male,10-19,black,brown,medium,oval,straight,medium,soft
6815.jpg,male,30-39,black,brown,medium,oval,straight,medium,soft
6830.jpg,male,3-9,black,brown,medium,oval,straight,medium,soft
6832.jpg,male,30-39,black,brown,medium,oval,straight,medium,soft
6840.jpg,male,40-49,black,brown,medium,oval,straight,medium,soft
6846.jpg,male,50-59,black,brown,medium,oval,straight,medium,soft
6875.jpg,female,20-29,black,brown,medium,oval,straight,medium,soft
6876.jpg,female,3-9,black,brown,medium,oval,straight,medium,soft
6882.jpg,male,40-49,black,brown,medium,oval,straight,medium,soft
6887.jpg,female,30-39,black,brown,medium,oval,straight,medium,soft
6899.jpg,female,30-39,black,brown,medium,oval,straight,medium,soft
6905.jpg,male,30-39,black,brown,medium,oval,straight,medium,soft
6912.jpg,male,20-29,black,brown,medium,oval,straight,medium,soft
6917.jpg,male,3-9,black,brown,medium,oval,straight,medium,soft
6927.jpg,female,3-9,black,brown,medium,oval,straight,medium,soft
6940.jpg,female,more than 70,black,brown,medium,oval,straight,medium,soft
6961.jpg,female,50-59,black,brown,medium,oval,straight,medium,soft
6965.jpg,male,20-29,black,brown,medium,oval,straight,medium,soft
6972.jpg,female,20-29,black,brown,medium,oval,straight,medium,soft
6984.jpg,female,10-19,black,brown,medium,oval,straight,medium,soft
6988.jpg,female,10-19,black,brown,medium,oval,straight,medium,soft
6992.jpg,female,20-29,black,brown,medium,oval,straight,medium,soft
6995.jpg,female,20-29,black,brown,medium,oval,straight,medium,soft
7007.jpg,male,3-9,black,brown,medium,oval,straight,medium,soft
7015.jpg,female,10-19,black,brown,medium,oval,straight,medium,soft
7026.jpg,female,20-29,black,brown,medium,oval,straight,medium,soft
7028.jpg,female,20-29,black,brown,medium,oval,straight,medium,soft
7030.jpg,female,40-49,black,brown,medium,oval,straight,medium,soft
7032.jpg,female,30-39,black,brown,medium,oval,straight,medium,soft
7043.jpg,male,40-49,black,brown,medium,oval,straight,medium,soft
7045.jpg,male,20-29,black,brown,medium,oval,straight,medium,soft
7051.jpg,female,10-19,black,brown,medium,oval,straight,medium,soft
7058.jpg,female,50-59,black,brown,medium,oval,straight,medium,soft
7079.jpg,male,50-59,black,brown,medium,oval,straight,medium,soft
7082.jpg,male,30-39,black,brown,medium,oval,straight,medium,soft
7083.jpg,female,20-29,black,brown,medium,oval,straight,medium,soft
7084.jpg,male,30-39,black,brown,medium,oval,straight,medium,soft
7102.jpg,male,40-49,black,brown,medium,oval,straight,medium,soft
7104.jpg,female,20-29,black,brown,medium,oval,straight,medium,soft
7110.jpg,female,20-29,black,brown,medium,oval,straight,medium,soft
7112.jpg,female,20-29,black,brown,medium,oval,straight,medium,soft
7120.jpg,male,30-39,black,brown,medium,oval,straight,medium,soft
7148.jpg,male,30-39,black,brown,medium,oval,straight,medium,soft
7151.jpg,female,30-39,black,brown,medium,oval,straight,medium,soft
7163.jpg,male,10-19,black,brown,medium,oval,straight,medium,soft
7165.jpg,female,20-29,black,brown,medium,oval,straight,medium,soft
7167.jpg,female,3-9,black,brown,medium,oval,straight,medium,soft
7170.jpg,female,60-69,black,brown,medium,oval,straight,medium,soft
7178.jpg,female,40-49,black,brown,medium,oval,straight,medium,soft
7183.jpg,male,30-39,black,brown,medium,oval,straight,medium,soft
7184.jpg,male,50-59,black,brown,medium,oval,straight,medium,soft
7190.jpg,male,10-19,black,brown,medium,oval,straight,medium,soft
7194.jpg,male,20-29,black,brown,medium,oval,straight,medium,soft
7204.jpg,female,30-39,black,brown,medium,oval,straight,medium,soft
7207.jpg,male,40-49,black,brown,medium,oval,straight,medium,soft
7237.jpg,female,20-29,black,brown,medium,oval,straight,medium,soft
7239.jpg,male,40-49,black,brown,medium,oval,straight,medium,soft
7246.jpg,female,40-49,black,brown,medium,oval,straight,medium,soft
7268.jpg,female,10-19,black,brown,medium,oval,straight,medium,soft
7271.jpg,female,10-19,black,brown,medium,oval,straight,medium,soft
7272.jpg,male,20-29,black,brown,medium,oval,straight,medium,soft
7275.jpg,female,30-39,black,brown,medium,oval,straight,medium,soft
7277.jpg,female,40-49,black,brown,medium,oval,straight,medium,soft
7287.jpg,male,20-29,black,brown,medium,oval,straight,medium,soft
7293.jpg,female,40-49,black,brown,medium,oval,straight,medium,soft
7300.jpg,male,20-29,black,brown,medium,oval,straight,medium,soft
7311.jpg,female,50-59,black,brown,medium,oval,straight,medium,soft
7318.jpg,male,20-29,black,brown,medium,oval,straight,medium,soft
7321.jpg,male,10-19,black,brown,medium,oval,straight,medium,soft
7332.jpg,male,30-39,black,brown,medium,oval,straight,medium,soft
7333.jpg,male,40-49,black,brown,medium,oval,straight,medium,soft
7343.jpg,male,30-39,black,brown,medium,oval,straight,medium,soft
7352.jpg,male,20-29,black,brown,medium,oval,straight,medium,soft
7361.jpg,female,10-19,black,brown,medium,oval,straight,medium,soft
7365.jpg,female,3-9,black,brown,medium,oval,straight,medium,soft
7369.jpg,male,10-19,black,brown,medium,oval,straight,medium,soft
7395.jpg,male,10-19,black,brown,medium,oval,straight,medium,soft
7397.jpg,female,10-19,black,brown,medium,oval,straight,medium,soft
7414.jpg,male,10-19,black,brown,medium,oval,straight,medium,soft
7416.jpg,female,20-29,black,brown,medium,oval,straight,medium,soft
7419.jpg,female,20-29,black,brown,medium,oval,straight,medium,soft
7420.jpg,female,20-29,black,brown,medium,oval,straight,medium,soft
7435.jpg,male,50-59,black,brown,medium,oval,straight,medium,soft
7438.jpg,male,50-59,black,brown,medium,oval,straight,medium,soft
7457.jpg,male,10-19,black,brown,medium,oval,straight,medium,soft
7461.jpg,female,10-19,black,brown,medium,oval,straight,medium,soft
7464.jpg,female,50-59,black,brown,medium,oval,straight,medium,soft
7465.jpg,female,20-29,black,brown,medium,oval,straight,medium,soft
7480.jpg,female,0-2,black,brown,medium,oval,straight,medium,soft
7481.jpg,female,30-39,black,brown,medium,oval,straight,medium,soft
7483.jpg,female,20-29,black,brown,medium,oval,straight,medium,soft
7493.jpg,female,20-29,black,brown,medium,oval,straight,medium,soft
7502.jpg,male,20-29,black,brown,medium,oval,straight,medium,soft
7507.jpg,male,20-29,black,brown,medium,oval,straight,medium,soft
7509.jpg,male,30-39,black,brown,medium,oval,straight,medium,soft
7512.jpg,female,10-19,black,brown,medium,oval,straight,medium,soft
7515.jpg,male,30-39,black,brown,medium,oval,straight,medium,soft
7529.jpg,male,20-29,black,brown,medium,oval,straight,medium,soft
7531.jpg,male,30-39,black,brown,medium,oval,straight,medium,soft
7536.jpg,female,30-39,black,brown,medium,oval,straight,medium,soft
7537.jpg,female,30-39,black,brown,medium,oval,straight,medium,soft
7539.jpg,female,30-39,black,brown,medium,oval,straight,medium,soft
7569.jpg,male,30-39,black,brown,medium,oval,straight,medium,soft
7571.jpg,male,30-39,black,brown,medium,oval,straight,medium,soft
7576.jpg,male,20-29,black,brown,medium,oval,straight,medium,soft
7582.jpg,female,50-59,black,brown,medium,oval,straight,medium,soft
7605.jpg,female,3-9,black,brown,medium,oval,straight,medium,soft
7610.jpg,male,10-19,black,brown,medium,oval,straight,medium,soft
7613.jpg,male,more than 70,black,brown,medium,oval,straight,medium,soft
7625.jpg,female,20-29,black,brown,medium,oval,straight,medium,soft
7628.jpg,male,40-49,black,brown,medium,oval,straight,medium,soft
7630.jpg,female,20-29,black,brown,medium,oval,straight,medium,soft
7632.jpg,male,30-39,black,brown,medium,oval,straight,medium,soft
7637.jpg,female,40-49,black,brown,medium,oval,straight,medium,soft
7638.jpg,male,50-59,black,brown,medium,oval,straight,medium,soft
7641.jpg,male,10-19,black,brown,medium,oval,straight,medium,soft
7647.jpg,female,30-39,black,brown,medium,oval,straight,medium,soft
7649.jpg,male,30-39,black,brown,medium,oval,straight,medium,soft
7655.jpg,female,20-29,black,brown,medium,oval,straight,medium,soft
7658.jpg,male,30-39,black,brown,medium,oval,straight,medium,soft
7663.jpg,male,30-39,black,brown,medium,oval,straight,medium,soft
7673.jpg,male,3-9,black,brown,medium,oval,straight,medium,soft
7697.jpg,female,40-49,black,brown,medium,oval,straight,medium,soft
7704.jpg,male,30-39,black,brown,medium,oval,straight,medium,soft
7716.jpg,male,3-9,black,brown,medium,oval,straight,medium,soft
7717.jpg,female,40-49,black,brown,medium,oval,straight,medium,soft
7730.jpg,female,30-39,black,brown,medium,oval,straight,medium,soft
7733.jpg,female,3-9,black,brown,medium,oval,straight,medium,soft
7752.jpg,male,40-49,black,brown,medium,oval,straight,medium,soft
7758.jpg,female,30-39,black,brown,medium,oval,straight,medium,soft
7771.jpg,male,40-49,black,brown,medium,oval,straight,medium,soft
7774.jpg,female,30-39,black,brown,medium,oval,straight,medium,soft
7777.jpg,male,30-39,black,brown,medium,oval,straight,medium,soft
7780.jpg,female,40-49,black,brown,medium,oval,straight,medium,soft
7785.jpg,female,30-39,black,brown,medium,oval,straight,medium,soft
7788.jpg,female,30-39,black,brown,medium,oval,straight,medium,soft
7790.jpg,male,40-49,black,brown,medium,oval,straight,medium,soft
7791.jpg,female,10-19,black,brown,medium,oval,straight,medium,soft
7792.jpg,male,30-39,black,brown,medium,oval,straight,medium,soft
7793.jpg,female,30-39,black,brown,medium,oval,straight,medium,soft
7798.jpg,male,20-29,black,brown,medium,oval,straight,medium,soft
7810.jpg,male,3-9,black,brown,medium,oval,straight,medium,soft
7812.jpg,male,20-29,black,brown,medium,oval,straight,medium,soft
7820.jpg,female,40-49,black,brown,medium,oval,straight,medium,soft
7823.jpg,male,40-49,black,brown,medium,oval,straight,medium,soft
7831.jpg,male,60-69,black,brown,medium,oval,straight,medium,soft
7854.jpg,male,40-49,black,brown,medium,oval,straight,medium,soft
7867.jpg,male,3-9,black,brown,medium,oval,straight,medium,soft
7872.jpg,female,10-19,black,brown,medium,oval,straight,medium,soft
7873.jpg,female,3-9,black,brown,medium,oval,straight,medium,soft
7884.jpg,female,50-59,black,brown,medium,oval,straight,medium,soft
7898.jpg,male,40-49,black,brown,medium,oval,straight,medium,soft
7910.jpg,female,50-59,black,brown,medium,oval,straight,medium,soft
7918.jpg,male,3-9,black,brown,medium,oval,straight,medium,soft
7919.jpg,female,20-29,black,brown,medium,oval,straight,medium,soft
7923.jpg,male,40-49,black,brown,medium,oval,straight,medium,soft
7925.jpg,female,50-59,black,brown,medium,oval,straight,medium,soft
7927.jpg,female,3-9,black,brown,medium,oval,straight,medium,soft
7928.jpg,male,40-49,black,brown,medium,oval,straight,medium,soft
7943.jpg,male,30-39,black,brown,medium,oval,straight,medium,soft
7946.jpg,male,3-9,black,brown,medium,oval,straight,medium,soft
7952.jpg,male,10-19,black,brown,medium,oval,straight,medium,soft
7963.jpg,male,3-9,black,brown,medium,oval,straight,medium,soft
7965.jpg,female,30-39,black,brown,medium,oval,straight,medium,soft
7971.jpg,female,20-29,black,brown,medium,oval,straight,medium,soft
7976.jpg,male,30-39,black,brown,medium,oval,straight,medium,soft
7986.jpg,female,20-29,black,brown,medium,oval,straight,medium,soft
7988.jpg,male,3-9,black,brown,medium,oval,straight,medium,soft
8000.jpg,male,20-29,black,brown,medium,oval,straight,medium,soft
8006.jpg,male,10-19,black,brown,medium,oval,straight,medium,soft
8007.jpg,male,more than 70,black,brown,medium,oval,straight,medium,soft
8009.jpg,female,10-19,black,brown,medium,oval,straight,medium,soft
8019.jpg,female,40-49,black,brown,medium,oval,straight,medium,soft
8024.jpg,female,30-39,black,brown,medium,oval,straight,medium,soft
8027.jpg,male,40-49,black,brown,medium,oval,straight,medium,soft
8028.jpg,female,3-9,black,brown,medium,oval,straight,medium,soft
8029.jpg,female,20-29,black,brown,medium,oval,straight,medium,soft
8073.jpg,male,more than 70,black,brown,medium,oval,straight,medium,soft
8087.jpg,male,50-59,black,brown,medium,oval,straight,medium,soft
8095.jpg,female,30-39,black,brown,medium,oval,straight,medium,soft
8099.jpg,female,10-19,black,brown,medium,oval,straight,medium,soft
8109.jpg,female,10-19,black,brown,medium,oval,straight,medium,soft
8119.jpg,female,20-29,black,brown,medium,oval,straight,medium,soft
8120.jpg,female,30-39,black,brown,medium,oval,straight,medium,soft
8121.jpg,male,50-59,black,brown,medium,oval,straight,medium,soft
8122.jpg,male,20-29,black,brown,medium,oval,straight,medium,soft
8133.jpg,female,30-39,black,brown,medium,oval,straight,medium,soft
8134.jpg,female,60-69,black,brown,medium,oval,straight,medium,soft
8156.jpg,female,40-49,black,brown,medium,oval,straight,medium,soft
8175.jpg,male,20-29,black,brown,medium,oval,straight,medium,soft
8176.jpg,female,10-19,black,brown,medium,oval,straight,medium,soft
8187.jpg,male,30-39,black,brown,medium,oval,straight,medium,soft
8210.jpg,male,40-49,black,brown,medium,oval,straight,medium,soft
8211.jpg,female,30-39,black,brown,medium,oval,straight,medium,soft
8214.jpg,male,40-49,black,brown,medium,oval,straight,medium,soft
8218.jpg,male,30-39,black,brown,medium,oval,straight,medium,soft
8227.jpg,female,20-29,black,brown,medium,oval,straight,medium,soft
8229.jpg,male,3-9,black,brown,medium,oval,straight,medium,soft
8245.jpg,female,20-29,black,brown,medium,oval,straight,medium,soft
8260.jpg,female,40-49,black,brown,medium,oval,straight,medium,soft
8261.jpg,male,3-9,black,brown,medium,oval,straight,medium,soft
8268.jpg,male,40-49,black,brown,medium,oval,straight,medium,soft
8273.jpg,female,20-29,black,brown,medium,oval,straight,medium,soft
8284.jpg,male,20-29,black,brown,medium,oval,straight,medium,soft
8290.jpg,male,30-39,black,brown,medium,oval,straight,medium,soft
8291.jpg,female,0-2,black,brown,medium,oval,straight,medium,soft
8301.jpg,female,3-9,black,brown,medium,oval,straight,medium,soft
8307.jpg,female,20-29,black,brown,medium,oval,straight,medium,soft
8310.jpg,male,more than 70,black,brown,medium,oval,straight,medium,soft
8318.jpg,male,40-49,black,brown,medium,oval,straight,medium,soft
8321.jpg,male,30-39,black,brown,medium,oval,straight,medium,soft
8335.jpg,male,3-9,black,brown,medium,oval,straight,medium,soft
8336.jpg,male,3-9,black,brown,medium,oval,straight,medium,soft
8351.jpg,male,30-39,black,brown,medium,oval,straight,medium,soft
8356.jpg,female,30-39,black,brown,medium,oval,straight,medium,soft
8360.jpg,female,10-19,black,brown,medium,oval,straight,medium,soft
8367.jpg,male,10-19,black,brown,medium,oval,straight,medium,soft
8381.jpg,male,30-39,black,brown,medium,oval,straight,medium,soft
8387.jpg,female,30-39,black,brown,medium,oval,straight,medium,soft
8389.jpg,male,10-19,black,brown,medium,oval,straight,medium,soft
8398.jpg,male,10-19,black,brown,medium,oval,straight,medium,soft
8408.jpg,female,20-29,black,brown,medium,oval,straight,medium,soft
8416.jpg,male,30-39,black,brown,medium,oval,straight,medium,soft
8422.jpg,female,30-39,black,brown,medium,oval,straight,medium,soft
8434.jpg,male,60-69,black,brown,medium,oval,straight,medium,soft
8436.jpg,male,30-39,black,brown,medium,oval,straight,medium,soft
8444.jpg,female,50-59,black,brown,medium,oval,straight,medium,soft
8456.jpg,male,40-49,black,brown,medium,oval,straight,medium,soft
8457.jpg,male,more than 70,black,brown,medium,oval,straight,medium,soft
8458.jpg,female,20-29,black,brown,medium,oval,straight,medium,soft
8470.jpg,male,10-19,black,brown,medium,oval,straight,medium,soft
8473.jpg,female,20-29,black,brown,medium,oval,straight,medium,soft
8482.jpg,male,50-59,black,brown,medium,oval,straight,medium,soft
8484.jpg,male,50-59,black,brown,medium,oval,straight,medium,soft
8488.jpg,male,30-39,black,brown,medium,oval,straight,medium,soft
8491.jpg,female,10-19,black,brown,medium,oval,straight,medium,soft
8493.jpg,male,30-39,black,brown,medium,oval,straight,medium,soft
8498.jpg,female,30-39,black,brown,medium,oval,straight,medium,soft
8499.jpg,male,3-9,black,brown,medium,oval,straight,medium,soft
8501.jpg,male,60-69,black,brown,medium,oval,straight,medium,soft
8506.jpg,female,20-29,black,brown,medium,oval,straight,medium,soft
8513.jpg,male,20-29,black,brown,medium,oval,straight,medium,soft
8525.jpg,female,20-29,black,brown,medium,oval,straight,medium,soft
8538.jpg,female,30-39,black,brown,medium,oval,straight,medium,soft
8543.jpg,male,40-49,black,brown,medium,oval,straight,medium,soft
8552.jpg,male,3-9,black,brown,medium,oval,straight,medium,soft
8557.jpg,male,20-29,black,brown,medium,oval,straight,medium,soft
8561.jpg,male,30-39,black,brown,medium,oval,straight,medium,soft
8567.jpg,female,20-29,black,brown,medium,oval,straight,medium,soft
8569.jpg,male,20-29,black,brown,medium,oval,straight,medium,soft
8570.jpg,female,more than 70,black,brown,medium,oval,straight,medium,soft
8573.jpg,male,3-9,black,brown,medium,oval,straight,medium,soft
8580.jpg,male,10-19,black,brown,medium,oval,straight,medium,soft
8582.jpg,female,20-29,black,brown,medium,oval,straight,medium,soft
8584.jpg,female,20-29,black,brown,medium,oval,straight,medium,soft
8605.jpg,male,30-39,black,brown,medium,oval,straight,medium,soft
8610.jpg,male,50-59,black,brown,medium,oval,straight,medium,soft
8622.jpg,male,3-9,black,brown,medium,oval,straight,medium,soft
8650.jpg,male,10-19,black,brown,medium,oval,straight,medium,soft
8662.jpg,female,10-19,black,brown,medium,oval,straight,medium,soft
8666.jpg,male,30-39,black,brown,medium,oval,straight,medium,soft
8669.jpg,female,30-39,black,brown,medium,oval,straight,medium,soft
8674.jpg,female,30-39,black,brown,medium,oval,straight,medium,soft
8694.jpg,female,20-29,black,brown,medium,oval,straight,medium,soft
8703.jpg,male,3-9,black,brown,medium,oval,straight,medium,soft
8714.jpg,male,50-59,black,brown,medium,oval,straight,medium,soft
8716.jpg,female,20-29,black,brown,medium,oval,straight,medium,soft
8731.jpg,female,3-9,black,brown,medium,oval,straight,medium,soft
8732.jpg,female,20-29,black,brown,medium,oval,straight,medium,soft
8737.jpg,male,3-9,black,brown,medium,oval,straight,medium,soft
8740.jpg,male,20-29,black,brown,medium,oval,straight,medium,soft
8750.jpg,male,3-9,black,brown,medium,oval,straight,medium,soft
8760.jpg,male,30-39,black,brown,medium,oval,straight,medium,soft
8771.jpg,female,3-9,black,brown,medium,oval,straight,medium,soft
8778.jpg,female,40-49,black,brown,medium,oval,straight,medium,soft
8783.jpg,female,30-39,black,brown,medium,oval,straight,medium,soft
8792.jpg,female,20-29,black,brown,medium,oval,straight,medium,soft
8803.jpg,female,20-29,black,brown,medium,oval,straight,medium,soft
8806.jpg,female,20-29,black,brown,medium,oval,straight,medium,soft
8808.jpg,male,30-39,black,brown,medium,oval,straight,medium,soft
8809.jpg,female,40-49,black,brown,medium,oval,straight,medium,soft
8815.jpg,female,3-9,black,brown,medium,oval,straight,medium,soft
8817.jpg,female,3-9,black,brown,medium,oval,straight,medium,soft
8819.jpg,female,40-49,black,brown,medium,oval,straight,medium,soft
8827.jpg,female,30-39,black,brown,medium,oval,straight,medium,soft
8845.jpg,male,10-19,black,brown,medium,oval,straight,medium,soft
8858.jpg,female,20-29,black,brown,medium,oval,straight,medium,soft
8867.jpg,female,10-19,black,brown,medium,oval,straight,medium,soft
8873.jpg,male,20-29,black,brown,medium,oval,straight,medium,soft
8874.jpg,female,3-9,black,brown,medium,oval,straight,medium,soft
8879.jpg,female,30-39,black,brown,medium,oval,straight,medium,soft
8880.jpg,male,20-29,black,brown,medium,oval,straight,medium,soft
8883.jpg,male,0-2,black,brown,medium,oval,straight,medium,soft
8895.jpg,female,30-39,black,brown,medium,oval,straight,medium,soft
8900.jpg,male,40-49,black,brown,medium,oval,straight,medium,soft
8907.jpg,male,50-59,black,brown,medium,oval,straight,medium,soft
8910.jpg,male,10-19,black,brown,medium,oval,straight,medium,soft
8914.jpg,female,50-59,black,brown,medium,oval,straight,medium,soft
8916.jpg,male,20-29,black,brown,medium,oval,straight,medium,soft
8930.jpg,male,20-29,black,brown,medium,oval,straight,medium,soft
8931.jpg,male,40-49,black,brown,medium,oval,straight,medium,soft
8934.jpg,female,30-39,black,brown,medium,oval,straight,medium,soft
8937.jpg,female,10-19,black,brown,medium,oval,straight,medium,soft
8945.jpg,female,20-29,black,brown,medium,oval,straight,medium,soft
8947.jpg,female,10-19,black,brown,medium,oval,straight,medium,soft
8950.jpg,female,20-29,black,brown,medium,oval,straight,medium,soft
8952.jpg,male,3-9,black,brown,medium,oval,straight,medium,soft
8958.jpg,male,50-59,black,brown,medium,oval,straight,medium,soft
8968.jpg,female,3-9,black,brown,medium,oval,straight,medium,soft
8970.jpg,male,3-9,black,brown,medium,oval,straight,medium,soft
8972.jpg,female,50-59,black,brown,medium,oval,straight,medium,soft
8978.jpg,male,20-29,black,brown,medium,oval,straight,medium,soft
8983.jpg,female,30-39,black,brown,medium,oval,straight,medium,soft
8989.jpg,male,3-9,black,brown,medium,oval,straight,medium,soft
8992.jpg,male,30-39,black,brown,medium,oval,straight,medium,soft
9001.jpg,female,40-49,black,brown,medium,oval,straight,medium,soft
9015.jpg,male,20-29,black,brown,medium,oval,straight,medium,soft
9019.jpg,female,20-29,black,brown,medium,oval,straight,medium,soft
9023.jpg,male,more than 70,black,brown,medium,oval,straight,medium,soft
9034.jpg,female,20-29,black,brown,medium,oval,straight,medium,soft
9039.jpg,female,30-39,black,brown,medium,oval,straight,medium,soft
9044.jpg,female,30-39,black,brown,medium,oval,straight,medium,soft
9045.jpg,male,40-49,black,brown,medium,oval,straight,medium,soft
9051.jpg,female,40-49,black,brown,medium,oval,straight,medium,soft
9052.jpg,female,30-39,black,brown,medium,oval,straight,medium,soft
9063.jpg,female,20-29,black,brown,medium,oval,straight,medium,soft
9065.jpg,male,20-29,black,brown,medium,oval,straight,medium,soft
9070.jpg,female,20-29,black,brown,medium,oval,straight,medium,soft
9075.jpg,female,0-2,black,brown,medium,oval,straight,medium,soft
9078.jpg,male,0-2,black,brown,medium,oval,straight,medium,soft
9080.jpg,male,60-69,black,brown,medium,oval,straight,medium,soft
9088.jpg,male,10-19,black,brown,medium,oval,straight,medium,soft
9097.jpg,male,30-39,black,brown,medium,oval,straight,medium,soft
9098.jpg,male,40-49,black,brown,medium,oval,straight,medium,soft
9117.jpg,male,30-39,black,brown,medium,oval,straight,medium,soft
9118.jpg,male,20-29,black,brown,medium,oval,straight,medium,soft
9119.jpg,male,10-19,black,brown,medium,oval,straight,medium,soft
9122.jpg,female,20-29,black,brown,medium,oval,straight,medium,soft
9125.jpg,female,20-29,black,brown,medium,oval,straight,medium,soft
9152.jpg,female,20-29,black,brown,medium,oval,straight,medium,soft
9157.jpg,male,20-29,black,brown,medium,oval,straight,medium,soft
9172.jpg,female,50-59,black,brown,medium,oval,straight,medium,soft
9175.jpg,male,30-39,black,brown,medium,oval,straight,medium,soft
9180.jpg,female,20-29,black,brown,medium,oval,straight,medium,soft
9186.jpg,female,10-19,black,brown,medium,oval,straight,medium,soft
9197.jpg,male,50-59,black,brown,medium,oval,straight,medium,soft
9203.jpg,female,3-9,black,brown,medium,oval,straight,medium,soft
9205.jpg,male,3-9,black,brown,medium,oval,straight,medium,soft
9206.jpg,male,20-29,black,brown,medium,oval,straight,medium,soft
9208.jpg,male,30-39,black,brown,medium,oval,straight,medium,soft
9218.jpg,male,30-39,black,brown,medium,oval,straight,medium,soft
9219.jpg,female,20-29,black,brown,medium,oval,straight,medium,soft
9220.jpg,female,40-49,black,brown,medium,oval,straight,medium,soft
9222.jpg,female,20-29,black,brown,medium,oval,straight,medium,soft
9224.jpg,female,30-39,black,brown,medium,oval,straight,medium,soft
9253.jpg,female,50-59,black,brown,medium,oval,straight,medium,soft
9271.jpg,female,0-2,black,brown,medium,oval,straight,medium,soft
9277.jpg,female,20-29,black,brown,medium,oval,straight,medium,soft
9294.jpg,female,10-19,black,brown,medium,oval,straight,medium,soft
9311.jpg,male,20-29,black,brown,medium,oval,straight,medium,soft
9315.jpg,male,20-29,black,brown,medium,oval,straight,medium,soft
9319.jpg,female,10-19,black,brown,medium,oval,straight,medium,soft
9324.jpg,male,3-9,black,brown,medium,oval,straight,medium,soft
9336.jpg,female,30-39,black,brown,medium,oval,straight,medium,soft
9340.jpg,female,50-59,black,brown,medium,oval,straight,medium,soft
9357.jpg,female,30-39,black,brown,medium,oval,straight,medium,soft
9359.jpg,female,40-49,black,brown,medium,oval,straight,medium,soft
9361.jpg,female,40-49,black,brown,medium,oval,straight,medium,soft
9380.jpg,male,20-29,black,brown,medium,oval,straight,medium,soft
9385.jpg,female,20-29,black,brown,medium,oval,straight,medium,soft
9386.jpg,female,3-9,black,brown,medium,oval,straight,medium,soft
9419.jpg,male,40-49,black,brown,medium,oval,straight,medium,soft
9422.jpg,female,3-9,black,brown,medium,oval,straight,medium,soft
9433.jpg,female,20-29,black,brown,medium,oval,straight,medium,soft
9446.jpg,male,30-39,black,brown,medium,oval,straight,medium,soft
9453.jpg,male,10-19,black,brown,medium,oval,straight,medium,soft
9457.jpg,male,20-29,black,brown,medium,oval,straight,medium,soft
9471.jpg,female,30-39,black,brown,medium,oval,straight,medium,soft
9472.jpg,male,3-9,black,brown,medium,oval,straight,medium,soft
9479.jpg,male,40-49,black,brown,medium,oval,straight,medium,soft
9481.jpg,female,50-59,black,brown,medium,oval,straight,medium,soft
9494.jpg,female,30-39,black,brown,medium,oval,straight,medium,soft
9499.jpg,female,30-39,black,brown,medium,oval,straight,medium,soft
9522.jpg,male,50-59,black,brown,medium,oval,straight,medium,soft
9536.jpg,female,30-39,black,brown,medium,oval,straight,medium,soft
9545.jpg,male,50-59,black,brown,medium,oval,straight,medium,soft
9547.jpg,female,20-29,black,brown,medium,oval,straight,medium,soft
9566.jpg,female,30-39,black,brown,medium,oval,straight,medium,soft
9576.jpg,male,3-9,black,brown,medium,oval,straight,medium,soft
9581.jpg,female,20-29,black,brown,medium,oval,straight,medium,soft
9598.jpg,male,30-39,black,brown,medium,oval,straight,medium,soft
9607.jpg,male,more than 70,black,brown,medium,oval,straight,medium,soft
9620.jpg,male,3-9,black,brown,medium,oval,straight,medium,soft
9623.jpg,male,20-29,black,brown,medium,oval,straight,medium,soft
9629.jpg,female,30-39,black,brown,medium,oval,straight,medium,soft
9630.jpg,male,50-59,black,brown,medium,oval,straight,medium,soft
9635.jpg,female,3-9,black,brown,medium,oval,straight,medium,soft
9642.jpg,female,10-19,black,brown,medium,oval,straight,medium,soft
9654.jpg,male,50-59,black,brown,medium,oval,straight,medium,soft
9660.jpg,female,50-59,black,brown,medium,oval,straight,medium,soft
9674.jpg,female,30-39,black,brown,medium,oval,straight,medium,soft
9677.jpg,female,40-49,black,brown,medium,oval,straight,medium,soft
9678.jpg,male,30-39,black,brown,medium,oval,straight,medium,soft
9680.jpg,male,3-9,black,brown,medium,oval,straight,medium,soft
9681.jpg,female,50-59,black,brown,medium,oval,straight,medium,soft
9701.jpg,male,30-39,black,brown,medium,oval,straight,medium,soft
9706.jpg,male,30-39,black,brown,medium,oval,straight,medium,soft
9710.jpg,male,10-19,black,brown,medium,oval,straight,medium,soft
9712.jpg,female,30-39,black,brown,medium,oval,straight,medium,soft
9715.jpg,male,60-69,black,brown,medium,oval,straight,medium,soft
9726.jpg,female,20-29,black,brown,medium,oval,straight,medium,soft
9735.jpg,female,30-39,black,brown,medium,oval,straight,medium,soft
9744.jpg,female,30-39,black,brown,medium,oval,straight,medium,soft
9745.jpg,male,30-39,black,brown,medium,oval,straight,medium,soft
9765.jpg,male,10-19,black,brown,medium,oval,straight,medium,soft
9766.jpg,female,30-39,black,brown,medium,oval,straight,medium,soft
9770.jpg,female,10-19,black,brown,medium,oval,straight,medium,soft
9781.jpg,male,50-59,black,brown,medium,oval,straight,medium,soft
9784.jpg,female,20-29,black,brown,medium,oval,straight,medium,soft
9801.jpg,female,30-39,black,brown,medium,oval,straight,medium,soft
9811.jpg,male,30-39,black,brown,medium,oval,straight,medium,soft
9812.jpg,female,30-39,black,brown,medium,oval,straight,medium,soft
9839.jpg,male,20-29,black,brown,medium,oval,straight,medium,soft
9843.jpg,male,30-39,black,brown,medium,oval,straight,medium,soft
9845.jpg,female,20-29,black,brown,medium,oval,straight,medium,soft
9852.jpg,male,30-39,black,brown,medium,oval,straight,medium,soft
9853.jpg,female,50-59,black,brown,medium,oval,straight,medium,soft
9856.jpg,male,30-39,black,brown,medium,oval,straight,medium,soft
9859.jpg,female,10-19,black,brown,medium,oval,straight,medium,soft
9863.jpg,female,30-39,black,brown,medium,oval,straight,medium,soft
9878.jpg,female,10-19,black,brown,medium,oval,straight,medium,soft
9890.jpg,female,30-39,black,brown,medium,oval,straight,medium,soft
9902.jpg,male,30-39,black,brown,medium,oval,straight,medium,soft
9941.jpg,male,40-49,black,brown,medium,oval,straight,medium,soft
9946.jpg,female,20-29,black,brown,medium,oval,straight,medium,soft
9951.jpg,male,50-59,black,brown,medium,oval,straight,medium,soft
9955.jpg,male,60-69,black,brown,medium,oval,straight,medium,soft
9965.jpg,female,30-39,black,brown,medium,oval,straight,medium,soft
9970.jpg,female,20-29,black,brown,medium,oval,straight,medium,soft
9971.jpg,female,40-49,black,brown,medium,oval,straight,medium,soft
9984.jpg,male,10-19,black,brown,medium,oval,straight,medium,soft
9990.jpg,female,3-9,black,brown,medium,oval,straight,medium,soft
9992.jpg,male,3-9,black,brown,medium,oval,straight,medium,soft
9993.jpg,male,30-39,black,brown,medium,oval,straight,medium,soft
10003.jpg,male,10-19,black,brown,medium,oval,straight,medium,soft
10005.jpg,female,30-39,black,brown,medium,oval,straight,medium,soft
10016.jpg,male,40-49,black,brown,medium,oval,straight,medium,soft
10035.jpg,male,20-29,black,brown,medium,oval,straight,medium,soft
10045.jpg,male,30-39,black,brown,medium,oval,straight,medium,soft
10047.jpg,male,20-29,black,brown,medium,oval,straight,medium,soft
10048.jpg,male,20-29,black,brown,medium,oval,straight,medium,soft
10055.jpg,female,more than 70,black,brown,medium,oval,straight,medium,soft
10056.jpg,female,3-9,black,brown,medium,oval,straight,medium,soft
10067.jpg,male,20-29,black,brown,medium,oval,straight,medium,soft
10071.jpg,female,30-39,black,brown,medium,oval,straight,medium,soft
10083.jpg,male,20-29,black,brown,medium,oval,straight,medium,soft
10084.jpg,male,40-49,black,brown,medium,oval,straight,medium,soft
10086.jpg,female,more than 70,black,brown,medium,oval,straight,medium,soft
10088.jpg,male,40-49,black,brown,medium,oval,straight,medium,soft
10089.jpg,female,20-29,black,brown,medium,oval,straight,medium,soft
10094.jpg,female,20-29,black,brown,medium,oval,straight,medium,soft
10097.jpg,male,50-59,black,brown,medium,oval,straight,medium,soft
10099.jpg,female,50-59,black,brown,medium,oval,straight,medium,soft
10105.jpg,male,20-29,black,brown,medium,oval,straight,medium,soft
10112.jpg,male,10-19,black,brown,medium,oval,straight,medium,soft
10122.jpg,male,3-9,black,brown,medium,oval,straight,medium,soft
10123.jpg,female,3-9,black,brown,medium,oval,straight,medium,soft
10148.jpg,female,20-29,black,brown,medium,oval,straight,medium,soft
10155.jpg,male,50-59,black,brown,medium,oval,straight,medium,soft
10168.jpg,male,10-19,black,brown,medium,oval,straight,medium,soft
10187.jpg,male,50-59,black,brown,medium,oval,straight,medium,soft
10198.jpg,female,50-59,black,brown,medium,oval,straight,medium,soft
10200.jpg,male,50-59,black,brown,medium,oval,straight,medium,soft
10206.jpg,female,30-39,black,brown,medium,oval,straight,medium,soft
10208.jpg,male,30-39,black,brown,medium,oval,straight,medium,soft
10215.jpg,male,30-39,black,brown,medium,oval,straight,medium,soft
10223.jpg,male,10-19,black,brown,medium,oval,straight,medium,soft
10229.jpg,male,3-9,black,brown,medium,oval,straight,medium,soft
10243.jpg,female,40-49,black,brown,medium,oval,straight,medium,soft
10257.jpg,male,50-59,black,brown,medium,oval,straight,medium,soft
10267.jpg,female,20-29,black,brown,medium,oval,straight,medium,soft
10277.jpg,male,30-39,black,brown,medium,oval,straight,medium,soft
10279.jpg,female,30-39,black,brown,medium,oval,straight,medium,soft
10289.jpg,male,40-49,black,brown,medium,oval,straight,medium,soft
10296.jpg,male,40-49,black,brown,medium,oval,straight,medium,soft
10303.jpg,female,30-39,black,brown,medium,oval,straight,medium,soft
10315.jpg,female,50-59,black,brown,medium,oval,straight,medium,soft
10325.jpg,female,60-69,black,brown,medium,oval,straight,medium,soft
10347.jpg,female,10-19,black,brown,medium,oval,straight,medium,soft
10348.jpg,female,40-49,black,brown,medium,oval,straight,medium,soft
10357.jpg,male,30-39,black,brown,medium,oval,straight,medium,soft
10360.jpg,female,40-49,black,brown,medium,oval,straight,medium,soft
10371.jpg,male,3-9,black,brown,medium,oval,straight,medium,soft
10378.jpg,female,40-49,black,brown,medium,oval,straight,medium,soft
10381.jpg,female,40-49,black,brown,medium,oval,straight,medium,soft
10383.jpg,female,20-29,black,brown,medium,oval,straight,medium,soft
10386.jpg,female,more than 70,black,brown,medium,oval,straight,medium,soft
10389.jpg,male,50-59,black,brown,medium,oval,straight,medium,soft
10397.jpg,male,20-29,black,brown,medium,oval,straight,medium,soft
10414.jpg,male,3-9,black,brown,medium,oval,straight,medium,soft
10417.jpg,male,30-39,black,brown,medium,oval,straight,medium,soft
10419.jpg,female,20-29,black,brown,medium,oval,straight,medium,soft
10426.jpg,male,20-29,black,brown,medium,oval,straight,medium,soft
10435.jpg,female,10-19,black,brown,medium,oval,straight,medium,soft
10438.jpg,female,10-19,black,brown,medium,oval,straight,medium,soft
10440.jpg,female,30-39,black,brown,medium,oval,straight,medium,soft
10442.jpg,female,30-39,black,brown,medium,oval,straight,medium,soft
10443.jpg,male,50-59,black,brown,medium,oval,straight,medium,soft
10445.jpg,female,3-9,black,brown,medium,oval,straight,medium,soft
10458.jpg,female,30-39,black,brown,medium,oval,straight,medium,soft
10484.jpg,male,20-29,black,brown,medium,oval,straight,medium,soft
10492.jpg,male,30-39,black,brown,medium,oval,straight,medium,soft
10494.jpg,female,20-29,black,brown,medium,oval,straight,medium,soft
10498.jpg,male,20-29,black,brown,medium,oval,straight,medium,soft
10514.jpg,female,3-9,black,brown,medium,oval,straight,medium,soft
10515.jpg,female,40-49,black,brown,medium,oval,straight,medium,soft
10517.jpg,male,3-9,black,brown,medium,oval,straight,medium,soft
10519.jpg,female,60-69,black,brown,medium,oval,straight,medium,soft
10520.jpg,male,30-39,black,brown,medium,oval,straight,medium,soft
10522.jpg,female,10-19,black,brown,medium,oval,straight,medium,soft
10525.jpg,male,30-39,black,brown,medium,oval,straight,medium,soft
10531.jpg,female,3-9,black,brown,medium,oval,straight,medium,soft
10539.jpg,male,30-39,black,brown,medium,oval,straight,medium,soft
10546.jpg,female,20-29,black,brown,medium,oval,straight,medium,soft
10550.jpg,male,0-2,black,brown,medium,oval,straight,medium,soft
10559.jpg,male,20-29,black,brown,medium,oval,straight,medium,soft
10566.jpg,female,40-49,black,brown,medium,oval,straight,medium,soft
10576.jpg,male,40-49,black,brown,medium,oval,straight,medium,soft
10580.jpg,female,60-69,black,brown,medium,oval,straight,medium,soft
10588.jpg,female,10-19,black,brown,medium,oval,straight,medium,soft
10597.jpg,female,30-39,black,brown,medium,oval,straight,medium,soft
10598.jpg,male,20-29,black,brown,medium,oval,straight,medium,soft
10599.jpg,male,more than 70,black,brown,medium,oval,straight,medium,soft
10601.jpg,female,30-39,black,brown,medium,oval,straight,medium,soft
10607.jpg,male,30-39,black,brown,medium,oval,straight,medium,soft
10626.jpg,male,40-49,black,brown,medium,oval,straight,medium,soft
10651.jpg,female,20-29,black,brown,medium,oval,straight,medium,soft
10656.jpg,female,30-39,black,brown,medium,oval,straight,medium,soft
10662.jpg,male,40-49,black,brown,medium,oval,straight,medium,soft
10663.jpg,female,10-19,black,brown,medium,oval,straight,medium,soft
10668.jpg,female,30-39,black,brown,medium,oval,straight,medium,soft
10671.jpg,female,10-19,black,brown,medium,oval,straight,medium,soft
10682.jpg,female,30-39,black,brown,medium,oval,straight,medium,soft
10685.jpg,female,20-29,black,brown,medium,oval,straight,medium,soft
10698.jpg,male,40-49,black,brown,medium,oval,straight,medium,soft
10710.jpg,female,20-29,black,brown,medium,oval,straight,medium,soft
10715.jpg,female,20-29,black,brown,medium,oval,straight,medium,soft
10722.jpg,female,30-39,black,brown,medium,oval,straight,medium,soft
10731.jpg,female,30-39,black,brown,medium,oval,straight,medium,soft
10733.jpg,male,3-9,black,brown,medium,oval,straight,medium,soft
10740.jpg,male,30-39,black,brown,medium,oval,straight,medium,soft
10771.jpg,male,30-39,black,brown,medium,oval,straight,medium,soft
10782.jpg,female,60-69,black,brown,medium,oval,straight,medium,soft
10786.jpg,male,30-39,black,brown,medium,oval,straight,medium,soft
10798.jpg,female,3-9,black,brown,medium,oval,straight,medium,soft
10803.jpg,female,30-39,black,brown,medium,oval,straight,medium,soft
10805.jpg,male,30-39,black,brown,medium,oval,straight,medium,soft
10808.jpg,male,20-29,black,brown,medium,oval,straight,medium,soft
10815.jpg,female,30-39,black,brown,medium,oval,straight,medium,soft
10816.jpg,male,30-39,black,brown,medium,oval,straight,medium,soft
10822.jpg,female,30-39,black,brown,medium,oval,straight,medium,soft
10823.jpg,male,60-69,black,brown,medium,oval,straight,medium,soft
10826.jpg,male,30-39,black,brown,medium,oval,straight,medium,soft
10828.jpg,male,20-29,black,brown,medium,oval,straight,medium,soft
10830.jpg,female,20-29,black,brown,medium,oval,straight,medium,soft
10832.jpg,male,30-39,black,brown,medium,oval,straight,medium,soft
10833.jpg,female,30-39,black,brown,medium,oval,straight,medium,soft
10834.jpg,male,30-39,black,brown,medium,oval,straight,medium,soft
10840.jpg,male,3-9,black,brown,medium,oval,straight,medium,soft
10841.jpg,male,30-39,black,brown,medium,oval,straight,medium,soft
10848.jpg,female,20-29,black,brown,medium,oval,straight,medium,soft
10850.jpg,male,40-49,black,brown,medium,oval,straight,medium,soft
10851.jpg,female,30-39,black,brown,medium,oval,straight,medium,soft
10860.jpg,female,10-19,black,brown,medium,oval,straight,medium,soft
10861.jpg,male,40-49,black,brown,medium,oval,straight,medium,soft
10862.jpg,female,10-19,black,brown,medium,oval,straight,medium,soft
10872.jpg,male,30-39,black,brown,medium,oval,straight,medium,soft
10887.jpg,male,10-19,black,brown,medium,oval,straight,medium,soft
10890.jpg,male,40-49,black,brown,medium,oval,straight,medium,soft
10895.jpg,female,30-39,black,brown,medium,oval,straight,medium,soft
10899.jpg,female,20-29,black,brown,medium,oval,straight,medium,soft
10914.jpg,female,3-9,black,brown,medium,oval,straight,medium,soft
10920.jpg,female,50-59,black,brown,medium,oval,straight,medium,soft
10927.jpg,male,30-39,black,brown,medium,oval,straight,medium,soft
10934.jpg,female,20-29,black,brown,medium,oval,straight,medium,soft
10939.jpg,male,40-49,black,brown,medium,oval,straight,medium,soft
10941.jpg,female,3-9,black,brown,medium,oval,straight,medium,soft
